Timestamp,Feature_1,Feature_2,Feature_3,Feature_4,Feature_5,Feature_6,Feature_7,Feature_8,Feature_9,Feature_10,Feature_11,Feature_12,Feature_13,Feature_14,Feature_15,Feature_16,Feature_17,Feature_18,Feature_19,Feature_20,Feature_21,Feature_22,Feature_23,Feature_24,Feature_25,Feature_26,Feature_27,Feature_28,Feature_29,Feature_30,Feature_31,Feature_32,Feature_33,Feature_34,Feature_35,Feature_36,Feature_37,Feature_38,Feature_39,Feature_40,Feature_41,Feature_42,Feature_43,Feature_44,Feature_45,Feature_46,Feature_47,Feature_48,Feature_49,Feature_50,Feature_51,Feature_52,Feature_53,Feature_54,Feature_55,Feature_56,Feature_57,Feature_58,Feature_59,Feature_60,Feature_61,Feature_62,Feature_63,Feature_64,Feature_65,Feature_66,Feature_67,Feature_68,Feature_69,Feature_70,Feature_71,Feature_72,Feature_73,Exercise_Type,Label
2025-09-04 15:31,12.1665,0,12.1665,12.1665,0,12.1665,148.0238,0,-0.5221,0.4367,-1.1792,0.0981,1.2773,0.6807,0.4633,3,0.2268,0.4177,-0.4517,0.7803,1.2319,0.4753,0.2259,3,100.8057,99.4249,-8.1177,256.958,265.0757,141.5878,20047.0989,3,1.0295,126.8487,-177.2461,186.5234,363.7695,126.8529,16091.6594,4,9.0454,22.0918,-38.147,49.1943,87.3413,23.8719,569.8668,7,0.3296,7.9899,-11.272,13.0792,24.3512,7.9967,63.9468,4,-3.6134,20.1577,-31.3824,26.2628,57.6453,20.479,419.391,4,31.3843,2.7724,25.9772,37.9907,12.0135,31.5065,992.6591,0,13.1451,Left,1
2025-09-04 15:31,12.1665,0,12.1665,12.1665,0,12.1665,148.0238,0,-0.5731,0.5669,-1.5488,0.1216,1.6704,0.8061,0.6498,3,0.3192,0.4576,-0.4233,0.8926,1.3159,0.5579,0.3113,4,92.7938,104.4212,-16.4185,286.377,302.7954,139.6942,19514.4661,4,-2.7303,140.5831,-201.5381,205.9937,407.5317,140.6097,19771.0745,3,1.7334,36.58,-70.4956,53.894,124.3896,36.6211,1341.1035,10,0.3281,9.9803,-12.3486,16.2213,28.5699,9.9857,99.7135,3,-9.3962,24.5881,-39.2761,30.6409,69.917,26.3223,692.8652,4,37.1909,4.0033,30.3772,47.0544,16.6772,37.4058,1399.1912,0,13.2804,Left,1
2025-09-04 15:31,12.1665,0,12.1665,12.1665,0,12.1665,148.0238,0,-0.5004,0.4398,-1.3462,0.0845,1.4307,0.6662,0.4439,4,0.2816,0.4494,-0.4336,0.8569,1.2905,0.5303,0.2812,4,105.0293,109.9857,-10.437,285.0952,295.5322,152.079,23128.0088,4,10.4045,129.7297,-173.9502,196.6553,370.6055,130.1463,16938.0603,4,-0.7975,32.1875,-70.3735,58.2275,128.6011,32.1974,1036.6743,8,0.8599,9.14,-12.4146,12.9089,25.3235,9.1804,84.2792,4,-8.3774,19.5259,-32.7063,24.0381,56.7444,21.2472,451.4424,4,33.4215,2.8334,27.8558,38.0237,10.1678,33.5414,1125.0255,0,13.1547,Left,1
2025-09-04 15:31,12.1665,0,12.1665,12.1665,0,12.1665,148.0238,0,-0.5426,0.4706,-1.3945,0.0679,1.4624,0.7183,0.5159,2,0.2575,0.4409,-0.4263,0.8638,1.29,0.5106,0.2607,4,100.1506,97.1829,-8.606,297.7295,306.3354,139.5516,19474.6492,2,1.3672,122.0881,-171.0205,171.936,342.9565,122.0958,14907.3804,4,-7.5846,26.197,-69.0308,39.1235,108.1543,27.2729,743.8118,10,0.1593,9.0552,-12.453,14.5184,26.9714,9.0566,82.0227,4,-5.5426,19.8617,-30.6738,27.1362,57.8101,20.6206,425.2091,3,32.9147,1.3889,30.1465,35.3156,5.1691,32.944,1085.3046,0,13.1728,Left,1
2025-09-04 15:31,12.1665,0,12.1665,12.1665,0,12.1665,148.0238,0,-0.6171,0.575,-1.4585,0.1519,1.6104,0.8434,0.7114,3,0.2015,0.4375,-0.5181,0.7642,1.2822,0.4817,0.232,4,103.4098,115.4144,-16.9678,307.4951,324.4629,154.9648,24014.0776,4,-5.9041,136.1081,-178.6499,236.9995,415.6494,136.2361,18560.2762,4,1.3875,44.7383,-123.23,63.9648,187.1948,44.7598,2003.442,6,-0.3494,9.4086,-13.8208,14.5734,28.3942,9.4151,88.6445,4,-11.6968,20.0944,-38.7268,20.072,58.7988,23.2508,540.5998,4,30.8167,2.1506,26.8726,35.0519,8.1793,30.8916,954.2911,0,13.2424,Left,1
2025-09-04 15:31,12.1665,0,12.1665,12.1665,0,12.1665,148.0238,0,-0.4866,0.4688,-1.4053,0.1191,1.5244,0.6757,0.4566,4,0.2115,0.4271,-0.4502,0.75,1.2002,0.4767,0.2272,4,101.473,111.8944,-12.4512,325.8667,338.3179,151.0534,22817.1279,4,12.1379,129.7397,-165.3442,201.416,366.7603,130.3062,16979.7105,4,1.8636,46.3636,-123.1079,101.7456,224.8535,46.401,2153.0559,8,0.4728,8.6262,-14.881,11.673,26.554,8.6391,74.6346,4,-12.4197,20.5986,-38.5675,19.5117,58.0792,24.0531,578.5497,4,30.8405,2.0244,28.2843,34.8212,6.5369,30.9068,955.2317,0,13.1212,Left,1
2025-09-04 15:31,12.1665,0,12.1665,12.1665,0,12.1665,148.0238,0,-0.5396,0.559,-1.4805,0.2554,1.7358,0.777,0.6037,4,0.4113,0.5298,-0.4976,1.0586,1.5562,0.6707,0.4499,4,97.5667,118.0927,-29.1748,322.0215,351.1963,153.1834,23465.1422,4,-1.6479,157.4287,-215.8813,237.1216,453.0029,157.4373,24786.5158,3,4.5166,30.6581,-63.2935,77.8198,141.1133,30.989,960.3163,7,0.0505,10.0717,-14.3591,14.7711,29.1302,10.0719,101.4422,3,-9.8621,23.0492,-39.2432,27.1857,66.4288,25.0704,628.5252,4,26.6642,3.0642,22.4945,31.8878,9.3933,26.8397,720.3678,0,13.3708,Left,1
2025-09-04 15:31,12.1665,0,12.1665,12.1665,0,12.1665,148.0238,0,-0.5284,0.5682,-1.4229,0.2354,1.6582,0.7759,0.602,4,0.1919,0.3765,-0.4551,0.646,1.1011,0.4226,0.1786,4,88.3097,104.7581,-28.4424,260.9863,289.4287,137.0141,18772.8616,3,-10.6201,133.8851,-189.5142,189.4531,378.9673,134.3057,18038.02,4,-1.0132,22.333,-41.0156,37.7197,78.7354,22.356,499.7897,10,-0.6394,8.5849,-13.9252,12.2333,26.1584,8.6087,74.1089,4,-10.259,19.5452,-35.321,18.7866,54.1077,22.074,487.2634,4,32.2332,2.324,27.7405,35.755,8.0145,32.3168,1044.3772,0,13.1298,Left,1
2025-09-04 15:31,12.1665,0,12.1665,12.1665,0,12.1665,148.0238,0,-0.5404,0.5747,-1.4497,0.3608,1.8105,0.7889,0.6223,4,0.2523,0.4466,-0.4751,0.8325,1.3076,0.513,0.2631,4,89.0422,108.7441,-30.3955,269.5923,299.9878,140.5481,19753.7787,4,0.647,144.0417,-199.9512,216.7358,416.687,144.0432,20748.4362,4,2.3356,31.8756,-53.6499,77.9419,131.5918,31.961,1021.5059,10,0.2406,9.9974,-13.8702,15.1776,29.0479,10.0003,100.0068,4,-12.9558,23.3572,-45.2252,25.351,70.5762,26.7098,713.4121,3,33.5043,3.4453,27.713,39.6881,11.9751,33.6809,1134.4064,0,13.2245,Left,1
2025-09-04 15:31,12.1665,0,12.1665,12.1665,0,12.1665,148.0238,0,-0.5753,0.7138,-1.6099,0.3325,1.9424,0.9168,0.8405,5,0.2689,0.4116,-0.4102,0.7373,1.1475,0.4916,0.2417,4,83.37,115.4735,-31.0059,273.3765,304.3823,142.4243,20284.6813,4,12.3413,135.2969,-192.688,211.3037,403.9917,135.8586,18457.5486,4,5.127,34.1006,-43.457,75.5615,119.0186,34.4839,1189.136,6,0.731,10.6664,-17.2321,16.2158,33.4479,10.6914,114.307,4,-12.557,22.1488,-40.1056,23.9172,64.0228,25.4607,648.2457,4,30.8287,3.7071,22.7087,38.1445,15.4358,31.0508,964.1533,0,13.2875,Left,1
2025-09-04 15:31,12.1665,0,12.1665,12.1665,0,12.1665,148.0238,0,-0.4952,0.6911,-1.5239,0.3389,1.8628,0.8502,0.7228,5,0.0564,0.1299,-0.2012,0.2085,0.4097,0.1416,0.0201,5,106.071,104.4565,-17.5781,253.1738,270.752,148.8698,22162.2099,5,-18.3309,101.087,-145.874,147.8882,293.7622,102.7356,10554.6,4,-20.931,82.7969,-123.7183,122.9858,246.7041,85.4016,7293.426,4,-1.8512,8.4224,-13.8593,12.2717,26.131,8.6234,74.3636,4,-5.536,12.3184,-22.5769,11.4258,34.0027,13.5052,182.3911,5,17.3756,8.0169,5.1086,31.8878,26.7792,19.1359,366.1831,0,12.9782,Right,1
2025-09-04 15:31,12.1665,0,12.1665,12.1665,0,12.1665,148.0238,0,-0.4542,0.7172,-1.7627,0.4043,2.167,0.8489,0.7206,5,0.1469,0.0781,0.001,0.3286,0.3276,0.1663,0.0277,0,88.9648,109.0545,-29.2969,301.4526,330.7495,140.7395,19807.6174,5,-15.1245,113.5998,-158.5083,148.7427,307.251,114.6022,13133.6667,5,-15.7471,103.8404,-165.2222,155.8228,321.0449,105.0276,11030.8046,4,-1.3418,9.8305,-15.5017,14.7656,30.2673,9.9216,98.4388,5,-0.1615,13.8607,-16.7871,26.0706,42.8577,13.8617,192.1459,5,12.4988,8.4443,-0.7965,28.1744,28.9709,15.084,227.5258,1,12.9494,Right,1
2025-09-04 15:31,12.1665,0,12.1665,12.1665,0,12.1665,148.0238,0,-0.6249,0.7302,-1.9092,0.3936,2.3027,0.9611,0.9237,4,0.2369,0.1406,-0.002,0.4629,0.4648,0.2755,0.0759,2,116.9067,122.0527,-31.189,332.2144,363.4033,169.009,28564.0441,4,-21.2809,132.1361,-184.8755,173.0957,357.9712,133.8388,17912.8299,4,-20.1538,106.795,-162.6587,163.9404,326.5991,108.6801,11811.3535,4,-1.9047,9.8905,-16.1389,14.8645,31.0034,10.0722,101.4489,4,5.9132,15.7384,-15.5841,31.756,47.3401,16.8126,282.6635,5,12.234,7.9654,0.3955,25.8398,25.4443,14.5986,213.1178,0,13.1468,Right,1
2025-09-04 15:31,12.1665,0,12.1665,12.1665,0,12.1665,148.0238,0,-0.6277,0.6275,-1.6475,0.2217,1.8691,0.8875,0.7877,4,0.2035,0.1492,-0.043,0.4106,0.4536,0.2524,0.0637,2,121.1222,111.7871,-14.6484,324.8901,339.5386,164.824,27166.943,4,-13.1429,116.1668,-159.0576,157.4097,316.4673,116.9079,13667.4618,5,-9.2326,89.1728,-132.5073,139.1602,271.6675,89.6495,8037.0304,4,-1.0422,8.5955,-13.1726,12.4805,25.6531,8.6584,74.9686,5,8.2467,15.7962,-13.8098,33.2227,47.0325,17.8193,317.5282,4,22.7948,6.7037,13.2166,32.5085,19.292,23.7601,564.5421,0,13.0785,Right,1
2025-09-04 15:31,12.1665,0,12.1665,12.1665,0,12.1665,148.0238,0,-0.5248,0.5245,-1.374,0.2007,1.5747,0.742,0.5505,4,0.1638,0.2239,-0.1543,0.5063,0.6606,0.2774,0.077,4,100.1546,79.981,7.0801,235.3516,228.2715,128.1714,16427.9098,0,15.1042,106.8466,-153.2593,144.165,297.4243,107.9089,11644.3286,4,9.1797,78.3543,-114.9292,119.0186,233.9478,78.8902,6223.6642,4,0.7397,7.845,-11.25,11.217,22.467,7.8798,62.0905,4,2.3837,16.1191,-17.9022,32.7997,50.7019,16.2944,265.5082,4,27.2043,7.2005,17.4847,38.8861,21.4014,28.1411,791.9243,0,12.9825,Right,1
2025-09-04 15:31,12.1665,0,12.1665,12.1665,0,12.1665,148.0238,0,-0.5911,0.6562,-1.8555,0.249,2.1045,0.8832,0.78,5,0.1488,0.1879,-0.1343,0.4229,0.5571,0.2397,0.0574,5,92.688,91.7582,-6.7139,263.5498,270.2637,130.4248,17010.6274,4,13.3708,115.8791,-164.856,159.668,324.5239,116.648,13606.7475,4,4.423,89.2387,-126.9531,142.6392,269.5923,89.3482,7983.1022,4,0.9738,9.6879,-13.4088,14.469,27.8778,9.7368,94.8045,4,0.0831,17.7536,-19.7479,35.1178,54.8657,17.7538,315.1959,4,27.386,8.0029,16.6388,40.6989,24.0601,28.5314,814.0387,0,13.045,Right,1
2025-09-04 15:31,12.1665,0,12.1665,12.1665,0,12.1665,148.0238,0,-0.7379,0.7198,-1.874,0.2935,2.1675,1.0308,1.0626,4,0.1803,0.1609,-0.0693,0.4521,0.5215,0.2417,0.0584,4,108.6589,95.241,-5.8594,278.9307,284.79,144.4908,20877.5997,4,1.2777,101.2238,-157.5928,152.5879,310.1807,101.2319,10247.8996,5,7.6742,88.9229,-137.7563,149.231,286.9873,89.2534,7966.1702,5,0.1985,9.0646,-15.6885,14.0131,29.7015,9.0668,82.2069,5,4.6992,18.5252,-19.325,33.0743,52.3993,19.1119,365.2641,4,27.1483,8.6507,15.0238,40.3418,25.318,28.4933,811.8655,0,13.1984,Right,1
2025-09-04 15:31,12.1665,0,12.1665,12.1665,0,12.1665,148.0238,0,-0.7074,0.7406,-1.7886,0.3462,2.1348,1.0241,1.0488,4,0.1834,0.1449,-0.04,0.4707,0.5107,0.2337,0.0546,4,123.5514,106.5577,-17.7002,286.377,304.0771,163.1548,26619.4989,4,-4.9723,104.9191,-150.8179,150.7568,301.5747,105.0368,11032.7318,5,7.8939,112.272,-135.0098,215.5762,350.5859,112.5492,12667.3192,5,-0.3406,9.6889,-18.3472,12.9034,31.2506,9.6948,93.9898,5,1.6505,13.9044,-17.4188,24.906,42.3248,14.002,196.0555,4,19.4674,8.2071,6.8829,30.3333,23.4503,21.1267,446.3369,0,13.1901,Right,1
2025-09-04 15:31,12.1665,0,12.1665,12.1665,0,12.1665,148.0238,0,-0.7221,0.7335,-1.9253,0.2622,2.1875,1.0293,1.0594,4,0.1443,0.1289,-0.083,0.3242,0.4072,0.1935,0.0374,4,119.2668,100.9888,-15.3809,260.1318,275.5127,156.2795,24423.2935,4,8.4066,105.6398,-145.3247,167.0532,312.3779,105.9738,11230.4484,5,-0.3662,86.6318,-124.6948,122.3145,247.0093,86.6326,7505.2058,5,0.5519,9.4051,-13.6615,15.2325,28.894,9.4213,88.7607,5,0.0568,15.2613,-21.9452,21.9727,43.9178,15.2614,232.9112,4,25.2799,7.9199,13.1451,37.4963,24.3512,26.4915,701.7989,0,13.1692,Right,1
2025-09-04 15:31,12.1665,0,12.1665,12.1665,0,12.1665,148.0238,0,-1.1118,0.6308,-2.1958,-0.2305,1.9653,1.2783,1.634,0,0.3658,0.2751,-0.0273,0.7637,0.791,0.4577,0.2095,2,-15.1449,62.1434,-110.3516,89.5996,199.9512,63.9623,4091.1719,3,-10.2824,92.3543,-153.7476,120.3613,274.1089,92.9249,8635.0434,4,42.2933,36.6586,-22.1558,109.7412,131.897,55.9694,3132.5782,4,-0.6932,13.2405,-17.5562,17.5342,35.0903,13.2587,175.7923,3,26.1914,104.2148,-170.5463,144.2999,314.8462,107.4557,11546.7209,4,67.4561,13.4783,42.9071,83.1775,40.2704,68.7894,4731.9845,0,13.6505,Circle,1
2025-09-04 15:31,12.1665,0,12.1665,12.1665,0,12.1665,148.0238,0,-1.0493,0.7659,-2.0908,-0.0537,2.0371,1.2991,1.6876,0,0.4827,0.2784,0.0918,0.8677,0.7759,0.5573,0.3105,0,-47.0947,61.993,-140.1978,28.1982,168.396,77.8527,6061.0478,4,-5.7658,113.3375,-184.7534,134.8267,319.5801,113.484,12878.6268,3,38.7248,31.599,-29.4189,85.2051,114.624,49.981,2498.1019,4,-1.6707,14.9319,-23.1372,20.3192,43.4564,15.0251,225.7521,4,47.5869,127.4503,-172.4689,170.5847,343.0536,136.0444,18508.0897,4,57.687,17.7017,26.6144,81.8921,55.2777,60.3419,3641.1423,0,13.6985,Circle,1
2025-09-04 15:31,12.1665,0,12.1665,12.1665,0,12.1665,148.0238,0,-1.0563,0.7948,-2.2954,-0.0347,2.2607,1.3219,1.7475,0,0.5018,0.3184,0.0547,0.9927,0.938,0.5943,0.3532,0,-31.7993,56.937,-123.291,53.2227,176.5137,65.2152,4253.0241,4,-2.181,105.9835,-182.312,114.3799,296.6919,106.0059,11237.2587,3,39.8885,38.0939,-34.1187,88.6841,122.8027,55.1565,3042.2412,4,-1.563,15.5813,-23.0878,20.8246,43.9124,15.6595,245.221,4,64.2327,115.2529,-170.7385,176.6821,347.4207,131.9434,17409.0599,4,60.115,19.3809,24.8291,87.193,62.3639,63.1619,3989.4296,0,13.7246,Circle,1
2025-09-04 15:31,12.1665,0,12.1665,12.1665,0,12.1665,148.0238,0,-1.0784,0.8154,-2.3486,-0.0767,2.272,1.3519,1.8278,0,0.559,0.3611,0.1367,1.103,0.9663,0.6655,0.4429,0,-5.1147,69.1286,-112.4268,106.8726,219.2993,69.3176,4804.9269,4,1.2207,107.5569,-204.5898,118.9575,323.5474,107.5638,11569.9813,4,41.5934,37.2645,-29.1138,81.3599,110.4736,55.8449,3118.6551,4,0.0634,15.9234,-22.8351,20.8411,43.6761,15.9235,253.5592,4,48.2278,97.9294,-176.4954,138.9935,315.4889,109.1609,11916.0941,4,63.8562,18.9443,30.9375,87.5226,56.5851,66.6071,4436.5026,0,13.8039,Circle,1
2025-09-04 15:31,12.1665,0,12.1665,12.1665,0,12.1665,148.0238,0,-1.1126,0.8201,-2.4175,0.0098,2.4272,1.3822,1.9105,2,0.495,0.3859,0.0225,1.1108,1.0884,0.6277,0.394,0,-1.1068,66.4328,-103.2104,104.7974,208.0078,66.442,4414.54,4,-9.1471,116.4973,-202.8809,129.8218,332.7026,116.8558,13655.286,3,42.2933,55.6344,-44.0063,126.8921,170.8984,69.885,4883.9127,4,-1.6399,14.4207,-21.6486,18.8745,40.5231,14.5137,210.6472,4,65.5829,58.3198,-65.6488,146.1676,211.8164,87.7628,7702.3129,4,64.2499,17.2844,35.8154,87.8357,52.0203,66.5342,4426.7989,0,13.7754,Circle,1
2025-09-04 15:31,12.1665,0,12.1665,12.1665,0,12.1665,148.0238,0,-1.0615,0.8889,-2.5659,-0.0298,2.5361,1.3845,1.9169,0,0.5137,0.3796,-0.0127,1.0459,1.0586,0.6387,0.4079,2,5.9896,76.275,-104.126,129.6387,233.7646,76.5098,5853.7558,4,-0.0854,120.5251,-235.7178,125.1221,360.8398,120.5251,14526.2974,4,43.7174,49.2095,-34.5459,118.8354,153.3813,65.8239,4332.7863,4,-0.0769,15.4454,-23.0658,19.5172,42.583,15.4456,238.566,4,50.5272,66.9818,-104.3921,117.3999,221.792,83.9021,7039.5614,4,64.8889,16.4668,37.7875,87.2369,49.4495,66.9457,4481.7254,0,13.7433,Circle,1
2025-09-04 15:31,12.1665,0,12.1665,12.1665,0,12.1665,148.0238,0,-1.0766,0.8767,-2.645,0.0249,2.6699,1.3884,1.9276,2,0.4483,0.3997,-0.082,1.083,1.165,0.6007,0.3608,2,9.3506,72.6177,-103.4546,122.5586,226.0132,73.2172,5360.7598,4,-0.4679,113.1927,-212.2803,125.9155,338.1958,113.1937,12812.8114,4,38.3708,59.023,-62.5,114.0137,176.5137,70.3991,4956.0358,4,-0.5229,15.1956,-22.6813,19.7919,42.4731,15.2045,231.1782,4,58.53,54.2874,-41.3416,123.1183,164.4598,79.8303,6372.8839,2,64.6696,15.7985,35.5737,87.5775,52.0038,66.5714,4431.7449,0,13.7057,Circle,1
2025-09-04 15:31,12.1665,0,12.1665,12.1665,0,12.1665,148.0238,0,-1.199,0.9933,-2.5122,0.1636,2.6758,1.557,2.4242,4,0.4357,0.3119,0.0308,0.8657,0.835,0.5359,0.2872,0,-2.2868,71.4489,-110.5347,119.2017,229.7363,71.4855,5110.1804,3,-17.0776,111.8166,-194.2139,119.751,313.9648,113.1132,12794.6042,4,37.2437,47.59,-54.2603,101.3184,155.5786,60.4309,3651.8984,4,0.4688,15.6601,-25.3839,21.0553,46.4392,15.6671,245.4592,4,48.9928,83.7698,-117.3285,150.3204,267.6489,97.0447,9417.6653,4,66.2615,14.9433,40.3473,84.6771,44.3298,67.9256,4613.886,0,13.8377,Circle,1
2025-09-04 15:31,12.1665,0,12.1665,12.1665,0,12.1665,148.0238,0,-1.0682,0.7478,-2.2373,-0.0068,2.2305,1.3039,1.7003,0,0.3546,0.3325,-0.0601,0.8291,0.8892,0.486,0.2362,2,1.9979,71.9064,-83.6792,129.7607,213.4399,71.9342,5174.5283,4,0.7284,104.1432,-181.7017,120.1782,301.8799,104.1458,10846.3454,3,33.3862,41.6917,-36.0718,83.7402,119.812,53.412,2852.837,4,-0.5607,13.0391,-19.1931,17.699,36.8921,13.0511,170.3317,4,47.2877,84.2553,-151.8036,148.9581,300.7617,96.6183,9335.0882,4,69.3365,13.0999,47.5104,85.3418,37.8314,70.5632,4979.1649,0,13.6037,Circle,1
2025-09-04 15:31,12.1665,0,12.1665,12.1665,0,12.1665,148.0238,0,-1.0693,0.8476,-2.7065,-0.083,2.6235,1.3645,1.8618,0,0.3252,0.3155,-0.0225,0.8364,0.8589,0.4531,0.2053,2,-20.0195,70.5319,-126.709,99.4263,226.1353,73.318,5375.5363,3,6.9458,105.2308,-177.6123,131.1035,308.7158,105.4598,11121.7591,4,44.8853,49.3552,-36.438,118.5913,155.0293,66.713,4450.621,4,-1.222,13.8521,-23.6316,17.9022,41.5338,13.9059,193.3751,3,40.1301,113.6926,-151.2103,163.0371,314.2474,120.5671,14536.4259,4,67.0126,15.4145,40.0397,86.1823,46.1426,68.7626,4728.2915,0,13.564,Circle,1
2025-09-04 15:31,12.1665,0,12.1665,12.1665,0,12.1665,148.0238,0,-0.6924,0.5842,-1.4668,0.3105,1.7773,0.9059,0.8207,2,0.686,0.5948,-0.4053,1.4927,1.8979,0.908,0.8244,2,58.4147,81.6237,-24.4141,214.9048,239.3188,100.3729,10074.7128,2,-3.8005,142.7823,-247.8027,286.6821,534.4849,142.8328,20401.216,2,23.8118,69.9556,-100.5859,151.5503,252.1362,73.8972,5460.7913,2,-0.5724,9.5667,-16.6498,21.8738,38.5236,9.5838,91.8486,4,28.2056,38.3381,-29.4873,69.3237,98.811,47.5959,2265.3667,2,42.802,17.0768,20.0336,69.7577,49.7241,46.0829,2123.6299,0,13.724,Triangle,1
2025-09-04 15:31,12.1665,0,12.1665,12.1665,0,12.1665,148.0238,0,-0.6733,0.5959,-1.6221,0.3159,1.938,0.8992,0.8085,2,0.8807,0.6455,-0.2861,1.7856,2.0718,1.0919,1.1923,2,53.8737,88.4542,-56.8848,238.5864,295.4712,103.5689,10726.5269,4,-9.5662,146.9506,-275.0854,322.876,597.9614,147.2616,21685.98,4,18.9372,82.6652,-126.5259,183.2275,309.7534,84.8065,7192.1488,2,-0.0623,11.8749,-20.462,27.2296,47.6917,11.875,141.0167,4,46.8878,42.0861,-20.2588,85.6769,105.9357,63.0056,3969.7098,2,53.4045,21.0954,18.4021,82.2382,63.8361,57.42,3297.0604,0,13.8389,Triangle,1
2025-09-04 15:31,12.1665,0,12.1665,12.1665,0,12.1665,148.0238,0,-0.6163,0.5295,-1.5063,0.125,1.6313,0.8125,0.6602,2,0.7527,0.5709,-0.3306,1.4458,1.7764,0.9447,0.8925,2,64.8153,73.525,-17.7002,227.0508,244.751,98.015,9606.9413,2,-13.2365,129.5226,-228.6987,262.3291,491.0278,130.1972,16951.3024,2,25.1302,72.7257,-105.1636,163.0249,268.1885,76.9451,5920.5487,2,1.0642,11.9477,-15.3973,23.9777,39.375,11.995,143.8795,4,36.9045,40.5321,-22.9395,85.1495,108.089,54.816,3004.7981,2,51.9829,14.841,26.7627,75.0476,48.2849,54.06,2922.4784,0,13.6459,Triangle,1
2025-09-04 15:31,12.1665,0,12.1665,12.1665,0,12.1665,148.0238,0,-0.6692,0.5465,-1.3877,0.1973,1.585,0.864,0.7465,2,0.6166,0.5447,-0.4434,1.3193,1.7627,0.8228,0.6769,2,64.2863,71.5547,-19.8364,194.2139,214.0503,96.1915,9252.8038,4,-12.1053,130.1547,-237.3657,239.624,476.9897,130.7164,17086.7843,2,33.7606,61.928,-68.2373,138.6108,206.8481,70.5326,4974.8478,1,-0.2307,9.6316,-18.2098,21.8958,40.1056,9.6344,92.8211,2,37.4579,38.8101,-21.1926,76.4703,97.663,53.9381,2909.3137,2,45.1337,17.3599,23.0823,74.1302,51.048,48.3571,2338.4136,0,13.6062,Triangle,1
2025-09-04 15:31,12.1665,0,12.1665,12.1665,0,12.1665,148.0238,0,-0.7834,0.5482,-1.4658,0.1533,1.6191,0.9562,0.9143,2,0.7332,0.5605,-0.2144,1.4238,1.6382,0.9229,0.8517,2,55.3792,73.3337,-37.4756,212.9517,250.4272,91.895,8444.6877,4,-12.4674,135.3797,-218.8721,267.6392,486.5112,135.9526,18483.1003,3,23.0306,70.0077,-110.4126,143.0664,253.479,73.6986,5431.4802,2,-0.3754,11.4759,-19.0668,24.7961,43.8629,11.4821,131.8377,4,50.8923,39.8387,-16.5399,96.5973,113.1372,64.6309,4177.1526,2,44.0083,19.6855,12.2662,72.3505,60.0842,48.2105,2324.2476,0,13.7621,Triangle,1
2025-09-04 15:31,12.1665,0,12.1665,12.1665,0,12.1665,148.0238,0,-0.7153,0.4952,-1.4683,0.1934,1.6616,0.87,0.757,2,0.7244,0.5545,-0.394,1.4258,1.8198,0.9123,0.8323,2,70.988,81.477,-28.4424,225.1587,253.6011,108.0639,11677.7986,2,-4.5898,135.5349,-251.709,277.771,529.48,135.6126,18390.7703,2,19.1081,77.3304,-123.7793,158.9966,282.7759,79.6562,6345.1116,2,-0.3274,9.8491,-12.7771,25.2521,38.0292,9.8546,97.1129,4,47.2423,38.7422,-14.2273,85.9845,100.2118,61.0966,3732.7955,2,41.707,18.3558,17.9077,70.4004,52.4927,45.5676,2076.41,0,13.7235,Triangle,1
2025-09-04 15:31,12.1665,0,12.1665,12.1665,0,12.1665,148.0238,0,-0.741,0.56,-1.5493,0.2305,1.7798,0.9287,0.8626,2,0.7266,0.5022,-0.3022,1.3579,1.6602,0.8832,0.7801,2,73.3968,84.999,-32.2876,252.7466,285.0342,112.3028,12611.9196,2,-10.6649,130.738,-228.9429,280.9448,509.8877,131.1723,17206.1684,2,13.0086,69.5143,-104.7363,132.3242,237.0605,70.721,5001.4558,2,-1.2349,11.3891,-18.468,25.1971,43.6652,11.4558,131.2365,4,47.0746,37.6099,-17.7045,83.9465,101.651,60.2538,3630.5179,2,40.3868,17.7567,13.1891,68.0164,54.8273,44.118,1946.3965,0,13.7319,Triangle,1
2025-09-04 15:31,12.1665,0,12.1665,12.1665,0,12.1665,148.0238,0,-0.8126,0.6086,-1.6187,0.25,1.8687,1.0152,1.0306,2,0.7689,0.5145,-0.2744,1.3892,1.6636,0.9252,0.856,2,56.8888,84.781,-29.9072,243.8354,273.7427,102.0988,10424.1602,3,-10.4614,133.9131,-242.4316,266.7847,509.2163,134.3211,18042.1504,2,39.3392,67.366,-89.1724,156.1279,245.3003,78.0112,6085.747,2,0.8602,12.7188,-19.5941,26.8451,46.4392,12.7479,162.5081,4,48.0366,39.8994,-19.2426,87.0667,106.3092,62.4458,3899.4816,2,40.6571,18.7736,12.3102,71.0596,58.7494,44.7822,2005.448,0,13.8559,Triangle,1
2025-09-04 15:31,12.1665,0,12.1665,12.1665,0,12.1665,148.0238,0,-0.6569,0.4885,-1.4551,0.0781,1.5332,0.8186,0.6701,2,0.6086,0.4513,-0.332,1.1763,1.5083,0.7577,0.5741,2,75.4272,79.9043,-28.5034,254.3335,282.8369,109.8816,12073.9721,2,-9.4482,123.6797,-215.3931,253.6621,469.0552,124.0401,15385.9481,3,28.6865,60.3599,-111.6333,133.667,245.3003,66.8299,4466.2351,2,-0.8932,9.7084,-16.5509,25.1697,41.7206,9.7494,95.0512,3,41.2101,35.0601,-17.1826,76.8329,94.0155,54.1062,2927.4841,2,43.0422,14.4261,24.4556,68.1262,43.6707,45.3955,2060.747,0,13.523,Triangle,1
2025-09-04 15:31,12.1665,0,12.1665,12.1665,0,12.1665,148.0238,0,-0.7337,0.6123,-1.5376,0.2891,1.8267,0.9556,0.9131,4,0.6827,0.5063,-0.3735,1.1909,1.5645,0.85,0.7225,2,85.9701,94.928,-43.2129,267.395,310.6079,128.071,16402.178,2,-29.659,144.6947,-243.7744,271.4233,515.1978,147.7031,21816.2082,2,9.9243,78.7676,-121.3989,141.1133,262.5122,79.3904,6302.8343,4,-2.1372,11.1494,-19.4183,23.2965,42.7148,11.3524,128.8759,2,32.3313,32.7552,-20.6763,71.4551,92.1313,46.0241,2118.2161,2,41.09,13.3205,21.8958,62.9572,41.0614,43.1951,1865.8201,0,13.7506,Triangle,1
2025-09-04 15:31,12.1665,0,12.1665,12.1665,0,12.1665,148.0238,0,-0.673,0.5439,-1.5977,0.1694,1.7671,0.8653,0.7487,2,0.671,0.4775,-0.3105,1.1763,1.4868,0.8235,0.6782,2,71.7244,68.8286,-5.4321,208.9844,214.4165,99.4071,9881.7783,4,-8.4554,117.3481,-198.9136,236.2671,435.1807,117.6524,13842.0776,2,28.9429,55.5921,-87.7075,117.7979,205.5054,62.6751,3928.1669,2,1.3521,10.8066,-15.8643,21.9507,37.8149,10.8909,118.6109,2,41.692,31.1608,-10.838,74.9872,85.8252,52.0502,2709.2193,2,39.5208,13.5342,18.49,60.1007,41.6107,41.774,1745.064,0,13.6054,Triangle,1
2025-09-04 15:31,12.1665,0,12.1665,12.1665,0,12.1665,148.0238,0,-0.3701,0.2936,-0.7769,0.272,1.0488,0.4724,0.2232,3,-0.626,0.5146,-1.3354,0.2104,1.5459,0.8104,0.6567,3,53.3488,62.723,-36.0107,148.6206,184.6313,82.3424,6780.2635,7,33.3862,236.5165,-314.8804,342.5903,657.4707,238.8613,57054.7086,6,-3.3976,50.6747,-109.8022,80.9937,190.7959,50.7885,2579.4672,7,-0.8862,5.3638,-9.5251,7.8058,17.3309,5.4366,29.5563,6,-52.9614,15.2541,-74.2401,-29.1687,45.0714,55.1144,3037.6011,0,22.9629,4.4722,16.051,29.2401,13.1891,23.3943,547.2953,0,13.2595,No_sign,1
2025-09-04 15:31,12.1665,0,12.1665,12.1665,0,12.1665,148.0238,0,-0.3902,0.3284,-0.8496,0.3369,1.1865,0.51,0.2601,4,-0.5513,0.4371,-1.3892,0.0732,1.4624,0.7036,0.4951,4,63.4888,44.821,5.7983,141.2964,135.498,77.7158,6039.7483,0,-0.651,225.7598,-296.936,329.2236,626.1597,225.7608,50967.9288,7,11.0067,86.4349,-109.2529,138.4277,247.6807,87.1329,7592.1434,7,-0.1681,4.3531,-8.5583,4.5428,13.1012,4.3564,18.978,7,-51.5643,13.3269,-76.7889,-33.7445,43.0444,53.2587,2836.4873,0,25.3114,5.2617,14.7821,32.5031,17.7209,25.8525,668.3526,0,13.1743,No_sign,1
2025-09-04 15:31,12.1665,0,12.1665,12.1665,0,12.1665,148.0238,0,-0.4448,0.279,-0.8931,0.0605,0.9536,0.5251,0.2757,3,-0.5011,0.475,-1.2217,0.0649,1.2866,0.6905,0.4767,3,64.2782,68.6435,-24.7803,171.0205,195.8008,94.0405,8843.6124,5,44.9544,233.6854,-312.2559,347.168,659.4238,237.9701,56629.7864,7,17.9647,54.3106,-84.5947,82.0312,166.626,57.2047,3272.3747,7,-0.6749,5.1014,-8.7671,8.0255,16.7926,5.1459,26.4802,6,-41.4661,15.0564,-65.0171,-17.7209,47.2961,44.1149,1946.1285,0,24.9543,4.0856,18.479,29.7235,11.2445,25.2866,639.4115,0,13.1375,No_sign,1
2025-09-04 15:31,12.1665,0,12.1665,12.1665,0,12.1665,148.0238,0,-0.1741,0.3917,-0.7324,0.5645,1.2969,0.4286,0.1837,8,-0.4924,0.6018,-1.3242,0.4785,1.8027,0.7775,0.6046,8,61.4176,88.3249,-44.6777,210.7544,255.4321,107.5798,11573.414,7,3.5238,255.6512,-336.3037,384.8267,721.1304,255.6755,65369.9746,7,16.272,40.9194,-78.064,65.979,144.043,44.036,1939.1728,6,-0.1512,6.8085,-9.7998,13.7274,23.5272,6.8101,46.3781,7,-54.3875,14.9406,-80.7495,-32.3822,48.3673,56.4023,3181.2178,0,24.9921,4.9619,15.249,31.8878,16.6388,25.4799,649.2236,0,13.2793,No_sign,1
2025-09-04 15:31,12.1665,0,12.1665,12.1665,0,12.1665,148.0238,0,-0.5881,0.2746,-0.8599,0.0049,0.8647,0.649,0.4212,2,-0.5169,0.5063,-1.3232,0.187,1.5103,0.7236,0.5236,4,40.3809,93.4026,-78.7964,212.5244,291.3208,101.7579,10354.6674,8,8.785,273.3329,-355.0415,419.6777,774.7192,273.474,74788.0441,7,17.7897,50.3364,-95.0928,91.1255,186.2183,53.3875,2850.2236,7,0.1597,5.2118,-6.0809,7.9871,14.068,5.2143,27.1884,7,-54.8368,15.1247,-78.0634,-31.6681,46.3953,56.8843,3235.8289,0,30.204,3.735,22.5,35.0684,12.5684,30.434,926.2306,0,13.31,No_sign,1
2025-09-04 15:31,12.1665,0,12.1665,12.1665,0,12.1665,148.0238,0,-0.4259,0.3116,-0.8286,0.3423,1.1709,0.5278,0.2786,4,-0.5721,0.4879,-1.3022,0.3252,1.6274,0.7519,0.5653,6,44.9382,94.4647,-71.228,206.665,277.8931,104.6089,10943.0134,7,-30.6966,224.8935,-287.3535,360.4126,647.7661,226.9788,51519.3547,6,2.6204,59.5918,-146.6675,111.8774,258.5449,59.6494,3558.0536,11,0.3812,4.6912,-6.1084,8.3826,14.491,4.7066,22.1524,7,-55.1902,14.4115,-75.6903,-30.7727,44.9176,57.0408,3253.6482,0,31.2268,3.3409,24.3073,35.0793,10.7721,31.405,986.2749,0,13.3146,No_sign,1
2025-09-04 15:31,12.1665,0,12.1665,12.1665,0,12.1665,148.0238,0,-0.4338,0.3389,-0.8672,0.4888,1.356,0.5505,0.303,2,-0.512,0.4545,-1.1157,0.3579,1.4736,0.6846,0.4687,6,41.0563,111.6623,-116.0278,223.0225,339.0503,118.971,14154.1004,7,-32.7474,252.2359,-318.9087,373.291,692.1997,254.3527,64695.32,6,9.0047,67.556,-147.2168,129.2725,276.4893,68.1535,4644.8968,9,1.0188,5.656,-6.015,10.426,16.441,5.747,33.0283,6,-59.5261,15.5145,-82.381,-36.3593,46.0217,61.5147,3784.0594,0,31.3597,4.1065,23.2141,37.1887,13.9746,31.6275,1000.2971,0,13.2938,No_sign,1
2025-09-04 15:31,12.1665,0,12.1665,12.1665,0,12.1665,148.0238,0,-0.3773,0.3684,-0.728,0.4077,1.1357,0.5273,0.2781,3,-0.4647,0.5513,-1.3301,0.5513,1.8813,0.721,0.5199,7,51.3957,113.3415,-113.0981,209.4727,322.5708,124.45,15487.8063,6,-10.73,239.5348,-309.8145,374.6338,684.4482,239.775,57492.0557,7,4.3538,70.3913,-134.3994,119.2017,253.6011,70.5258,4973.8879,7,0.5446,5.1139,-6.449,8.9319,15.3809,5.1428,26.4487,7,-59.4463,15.4369,-85.1166,-39.0399,46.0767,61.4179,3772.1595,0,32.3405,4.223,25.7245,39.9683,14.2438,32.615,1063.7386,0,13.2561,No_sign,1
2025-09-04 15:31,12.1665,0,12.1665,12.1665,0,12.1665,148.0238,0,-0.5297,0.3226,-0.9526,0.0366,0.9893,0.6202,0.3847,2,-0.4152,0.612,-1.313,0.7993,2.1123,0.7396,0.547,7,51.8107,109.4199,-110.8398,213.9282,324.7681,121.0663,14657.0586,6,-13.0981,244.1856,-295.4102,361.9995,657.4097,244.5366,59798.1465,6,9.9487,85.864,-191.5894,116.333,307.9224,86.4385,7471.6094,8,0.4153,6.7889,-8.9648,13.3594,22.3242,6.8016,46.2619,6,-50.3525,14.7881,-72.9163,-29.6631,43.2532,52.4792,2754.0675,0,40.6772,4.8878,33.3325,49.1913,15.8588,40.9698,1678.5285,0,13.3593,No_sign,1
2025-09-04 15:31,12.1665,0,12.1665,12.1665,0,12.1665,148.0238,0,-0.3033,0.4073,-0.6807,0.7817,1.4624,0.5078,0.2579,6,-0.4456,0.5113,-1.1626,0.5342,1.6968,0.6782,0.46,6,40.8407,120.6008,-128.2349,247.9248,376.1597,127.3283,16212.5019,7,-29.9479,251.1895,-307.6172,383.0566,690.6738,252.9684,63993.0213,6,7.5806,58.2938,-124.2065,77.2095,201.416,58.7846,3455.6322,9,0.7181,5.398,-5.8392,11.0522,16.8915,5.4455,29.6538,7,-51.6866,15.7585,-73.8831,-27.9877,45.8954,54.0355,2919.8397,0,28.374,3.3256,21.5607,34.5465,12.9858,28.5683,816.1451,0,13.2639,No_sign,1
2025-09-04 15:31,12.1665,0,12.1665,12.1665,0,12.1665,148.0238,0,-0.8934,0.5781,-1.4727,0.3525,1.8252,1.0641,1.1324,2,-0.0801,0.5422,-0.6172,1.0503,1.6675,0.5481,0.3004,9,-28.7964,83.7532,-125.6104,128.54,254.1504,88.5654,7843.8359,9,-3.2837,131.5295,-204.895,156.6772,361.5723,131.5705,17310.7885,10,-8.61,70.1058,-134.7656,126.1597,260.9253,70.6325,4988.95,10,0.1743,10.1981,-12.5079,13.9307,26.4386,10.1996,104.0325,10,-137.6144,85.224,-177.4567,174.1992,351.6559,161.8668,26200.8541,2,68.3269,1.3621,66.665,70.5981,3.9331,68.3405,4670.4211,0,13.6254,Clapps,1
2025-09-04 15:31,12.1665,0,12.1665,12.1665,0,12.1665,148.0238,0,-1.0724,0.6169,-2.0703,0.041,2.1113,1.2372,1.5306,2,-0.1141,0.4358,-0.6587,0.6953,1.354,0.4505,0.203,9,-37.4023,79.1573,-183.96,77.0264,260.9863,87.5489,7664.8186,9,6.6813,147.6547,-197.0825,197.876,394.9585,147.8057,21846.5358,9,-2.6571,44.8242,-78.3691,57.6782,136.0474,44.9029,2016.2729,9,-0.2201,13.625,-16.8915,19.7919,36.6833,13.6267,185.6881,9,-17.5946,154.1821,-169.3982,179.9945,349.3927,155.1828,24081.702,9,70.6978,2.0614,67.6538,74.4159,6.7621,70.7278,5002.4217,0,13.6476,Clapps,1
2025-09-04 15:31,12.1665,0,12.1665,12.1665,0,12.1665,148.0238,0,-0.973,0.6007,-2.0645,-0.1606,1.9038,1.1435,1.3075,0,-0.1142,0.3924,-0.6973,0.4922,1.1895,0.4087,0.167,9,-36.4339,93.4579,-192.3828,80.6885,273.0713,100.3086,10061.8149,9,-2.2827,129.7566,-205.9937,135.376,341.3696,129.7767,16841.9791,10,-4.9927,64.4016,-94.9707,100.9521,195.9229,64.5948,4172.4898,9,0.5299,10.6209,-10.4095,18.2153,28.6249,10.6341,113.0838,10,-37.3165,148.3546,-161.5045,175.5615,337.066,152.9758,23401.5988,9,68.9337,2.3123,63.089,72.0703,8.9813,68.9725,4757.2037,0,13.5189,Clapps,1
2025-09-04 15:31,12.1665,0,12.1665,12.1665,0,12.1665,148.0238,0,-1.0597,0.5452,-1.7925,0.1973,1.9897,1.1917,1.4202,2,-0.0388,0.333,-0.4888,0.7861,1.2749,0.3353,0.1124,8,-42.7327,78.5783,-172.4854,94.6655,267.1509,89.4462,8000.6291,8,-5.1514,137.0765,-192.749,212.3413,405.0903,137.1733,18816.5158,8,7.0068,38.5743,-73.1812,52.3071,125.4883,39.2055,1537.0707,8,0.9807,10.7141,-15.4358,16.5179,31.9537,10.7589,115.754,8,-7.2345,158.1059,-170.343,177.0337,347.3767,158.2714,25049.8266,9,67.9263,2.1244,64.5557,72.9163,8.3606,67.9595,4618.491,0,13.5307,Clapps,1
2025-09-04 15:31,12.1665,0,12.1665,12.1665,0,12.1665,148.0238,0,-0.9898,0.5563,-1.8491,0.02,1.8691,1.1354,1.2891,2,0.0482,0.3432,-0.4692,0.8257,1.2949,0.3465,0.1201,9,-37.3901,77.3672,-167.2974,92.9565,260.2539,85.9285,7383.699,9,-14.7461,130.5647,-194.397,181.4575,375.8545,131.3948,17264.5882,8,10.2051,42.7549,-55.3589,82.7026,138.0615,43.9559,1932.1233,8,1.7219,11.2322,-14.7931,16.9794,31.7725,11.3634,129.1268,8,-7.8505,154.5854,-166.3,166.366,332.666,154.7846,23958.2626,9,69.1454,1.8821,65.9235,72.1143,6.1908,69.171,4784.6267,0,13.4554,Clapps,1
2025-09-04 15:31,12.1665,0,12.1665,12.1665,0,12.1665,148.0238,0,-0.9446,0.5027,-1.6636,-0.1172,1.5464,1.0701,1.145,0,0.0258,0.3212,-0.3457,0.6265,0.9722,0.3222,0.1038,9,-27.7954,77.9341,-156.9824,74.8291,231.8115,82.7424,6846.3104,9,-3.1616,123.2891,-172.1802,177.7954,349.9756,123.3296,15210.1927,9,2.653,42.678,-69.397,78.6133,148.0103,42.7604,1828.451,9,0.6636,10.3189,-14.2053,15.5511,29.7565,10.3402,106.9195,9,-41.9604,147.9565,-164.1248,179.9066,344.0314,153.7914,23651.802,8,72.4017,1.9753,70.1917,76.6791,6.4874,72.4287,5245.9129,0,13.4003,Clapps,1
2025-09-04 15:31,12.1665,0,12.1665,12.1665,0,12.1665,148.0238,0,-1.0375,0.5537,-1.9185,-0.1318,1.7866,1.1761,1.3831,0,-0.0104,0.306,-0.4556,0.5737,1.0293,0.3061,0.0937,8,-41.4754,83.8088,-171.814,80.1392,251.9531,93.51,8744.1179,9,-7.0841,131.5424,-189.209,197.8149,387.0239,131.733,17353.5881,9,3.5034,40.9167,-72.0215,69.2749,141.2964,41.0664,1686.4531,8,0.8899,10.6716,-14.3481,17.3639,31.712,10.7086,114.6749,9,-59.0442,134.9963,-177.4457,174.4135,351.8591,147.3438,21710.2063,7,75.3168,2.9712,71.2518,80.788,9.5361,75.3754,5681.4441,0,13.484,Clapps,1
2025-09-04 15:31,12.1665,0,12.1665,12.1665,0,12.1665,148.0238,0,-1.0341,0.607,-1.9316,0.0093,1.9409,1.1991,1.4378,1,-0.0148,0.4351,-0.5195,0.8291,1.3486,0.4353,0.1895,9,-35.026,92.1862,-169.9829,98.999,268.9819,98.616,9725.1231,9,-4.0365,149.7061,-236.3892,207.8247,444.2139,149.7605,22428.2071,9,5.0049,51.2436,-66.9556,101.4404,168.396,51.4874,2650.9518,9,0.9064,11.6572,-16.4905,17.9846,34.4751,11.6924,136.7123,8,-21.2944,149.5066,-175.5615,176.8634,352.4249,151.0155,22805.6913,9,73.9783,2.8383,69.5105,78.6292,9.1187,74.0327,5480.8406,0,13.5771,Clapps,1
2025-09-04 15:31,12.1665,0,12.1665,12.1665,0,12.1665,148.0238,0,-1.0982,0.5395,-1.916,-0.3867,1.5293,1.2236,1.4972,0,0.1012,0.2452,-0.3535,0.4648,0.8184,0.2653,0.0704,6,-41.5202,91.4565,-191.2231,87.4023,278.6255,100.4401,10088.2237,8,7.6986,138.6196,-187.7441,205.9937,393.7378,138.8332,19274.657,9,6.7261,43.2619,-87.6465,82.9468,170.5933,43.7817,1916.8335,9,-0.3776,11.1921,-15.8038,17.8363,33.6401,11.1985,125.406,9,-14.3287,151.5361,-177.5995,168.9093,346.5088,152.212,23168.4973,8,75.4545,2.9329,69.5819,78.7225,9.1406,75.5114,5701.9785,0,13.4965,Clapps,1
2025-09-04 15:31,12.1665,0,12.1665,12.1665,0,12.1665,148.0238,0,-0.9906,0.5501,-1.9067,-0.3013,1.6055,1.1331,1.2839,0,0.045,0.317,-0.3667,0.6602,1.0269,0.3201,0.1025,9,-34.8063,82.0406,-162.5366,90.271,252.8076,89.1187,7942.1421,9,-10.7544,127.2385,-187.3779,188.6597,376.0376,127.6922,16305.2939,9,7.5114,40.4711,-71.0449,67.627,138.6719,41.1622,1694.3286,8,1.3546,10.3028,-13.8428,15.8148,29.6576,10.3914,107.9819,9,11.4569,146.9714,-176.5778,163.7897,340.3674,147.4173,21731.8641,9,76.4949,2.5636,69.3292,78.9697,9.6405,76.5378,5858.0375,0,13.4326,Clapps,1
2025-09-04 15:31,12.1665,0,12.1665,12.1665,0,12.1665,148.0238,0,-0.5807,0.7552,-1.8618,0.5151,2.377,0.9527,0.9076,3,0.8299,0.312,0.1196,1.2168,1.0972,0.8866,0.786,0,92.4154,46.7601,27.71,167.7246,140.0146,103.5717,10727.106,0,-11.1165,83.7869,-106.0791,146.4233,252.5024,84.5212,7143.8263,3,10.9578,43.8948,-55.3589,90.0879,145.4468,45.2419,2046.8302,3,5.4265,19.3695,-28.3228,28.6633,56.9861,20.1153,404.6256,3,30.7727,9.5978,10.8875,45.033,34.1455,32.2347,1039.0769,0,27.9357,16.1618,3.2135,53.476,50.2625,32.2739,1041.6067,0,13.7882,Checkline,1
2025-09-04 15:31,12.1665,0,12.1665,12.1665,0,12.1665,148.0238,0,-0.6244,0.7724,-1.8403,0.5786,2.4189,0.9932,0.9864,3,0.9521,0.388,0.0293,1.3789,1.3496,1.0281,1.057,0,86.8896,46.6096,19.7754,173.8281,154.0527,98.6016,9722.2661,0,-23.2544,88.1851,-119.1406,138.3057,257.4463,91.1997,8317.3824,3,20.1538,57.2166,-75.3784,101.0132,176.3916,60.6623,3679.912,3,6.7456,21.1069,-32.915,29.5972,62.5122,22.1586,491.0047,3,37.325,15.6222,7.6575,54.646,46.9885,40.4624,1637.2046,0,32.714,22.8119,-0.835,61.5729,62.4078,39.8822,1590.5877,1,13.9318,Checkline,1
2025-09-04 15:31,12.1665,0,12.1665,12.1665,0,12.1665,148.0238,0,-0.81,0.7953,-1.9238,0.5771,2.501,1.1352,1.2887,3,0.8838,0.5237,-0.1885,1.4966,1.6851,1.0273,1.0554,2,66.8823,51.1199,-14.0381,153.7476,167.7856,84.1813,7086.4859,2,-30.0456,106.055,-150.3906,159.729,310.1196,110.2289,12150.4068,2,15.9587,62.2716,-73.4863,98.0835,171.5698,64.284,4132.4263,3,6.5713,19.9986,-30.4651,29.2786,59.7437,21.0506,443.1276,2,38.1097,15.8335,1.1206,53.7671,52.6465,41.2681,1703.0533,0,35.146,21.3431,2.3401,64.6381,62.298,41.119,1690.7702,0,14.0531,Checkline,1
2025-09-04 15:31,12.1665,0,12.1665,12.1665,0,12.1665,148.0238,0,-0.7628,0.8704,-1.9722,0.5381,2.5103,1.1574,1.3395,3,0.7545,0.5448,-0.3789,1.3311,1.71,0.9306,0.866,3,76.9816,54.2133,-9.5825,158.5083,168.0908,94.1554,8865.2474,3,-24.235,96.3119,-131.958,153.0151,284.9731,99.3142,9863.3101,2,17.7856,47.2735,-47.4854,117.3096,164.7949,50.5086,2551.1148,3,5.8319,19.7315,-27.4054,29.0369,56.4423,20.5753,423.3441,3,37.4139,14.1552,8.2617,53.855,45.5933,40.0022,1600.1731,0,34.4352,20.9036,4.6033,63.3197,58.7164,40.2833,1622.7418,0,13.9817,Checkline,1
2025-09-04 15:31,12.1665,0,12.1665,12.1665,0,12.1665,148.0238,0,-0.9646,0.8146,-1.9512,0.6362,2.5874,1.2625,1.594,3,0.604,0.5784,-0.2827,1.27,1.5527,0.8363,0.6993,3,68.457,43.5016,3.6621,149.9634,146.3013,81.1095,6578.7579,0,-11.3444,98.6279,-128.1738,149.9634,278.1372,99.2782,9856.1545,3,9.1593,42.7473,-59.6924,77.0874,136.7798,43.7176,1911.2257,3,3.5398,21.4258,-31.322,29.3884,60.7104,21.7163,471.5957,3,38.9725,18.724,-2.3456,56.8542,59.1998,43.2371,1869.4464,2,35.588,20.9362,5.0647,65.7642,60.6995,41.2896,1704.8301,0,13.9572,Checkline,1
2025-09-04 15:31,12.1665,0,12.1665,12.1665,0,12.1665,148.0238,0,-0.8318,0.8502,-1.8989,0.543,2.4419,1.1894,1.4146,3,0.653,0.519,-0.3848,1.2603,1.645,0.8342,0.6958,4,73.999,42.2424,6.1035,148.3765,142.2729,85.2072,7260.2744,0,-9.9202,81.3283,-100.4639,147.0337,247.4976,81.9311,6712.6989,3,12.6831,54.446,-66.8335,99.7314,166.5649,55.9037,3125.2248,3,3.932,19.5571,-26.499,27.9932,54.4922,19.9484,397.9401,3,38.9407,17.818,4.422,56.6565,52.2345,42.8236,1833.858,0,35.0237,19.0293,6.3776,61.3916,55.014,39.8594,1588.7743,0,13.9051,Checkline,1
2025-09-04 15:31,12.1665,0,12.1665,12.1665,0,12.1665,148.0238,0,-0.6333,0.6109,-1.5454,0.3823,1.9277,0.8799,0.7742,3,0.69,0.378,-0.2241,1.022,1.2461,0.7868,0.619,2,83.6222,34.8749,28.1982,144.6533,116.4551,90.6032,8208.9372,0,-13.0371,84.3205,-115.6006,133.9722,249.5728,85.3224,7279.9106,3,15.3076,37.6939,-45.105,84.0454,129.1504,40.6836,1655.1549,3,3.5354,17.3699,-24.6313,23.7964,48.4277,17.726,314.2119,3,33.2952,17.4969,2.9663,51.449,48.4827,37.6126,1414.7092,0,42.594,17.1201,12.3596,62.644,50.2844,45.9058,2107.346,0,13.6038,Checkline,1
2025-09-04 15:31,12.1665,0,12.1665,12.1665,0,12.1665,148.0238,0,-0.8187,0.7103,-1.8276,0.3716,2.1992,1.0839,1.1748,3,0.5465,0.4608,-0.2661,1.0576,1.3237,0.7148,0.5109,3,80.4199,37.2364,26.8555,149.292,122.4365,88.6223,7853.9133,0,-20.5688,73.771,-111.8164,111.084,222.9004,76.5849,5865.2408,2,10.0382,40.3694,-62.5,55.7251,118.2251,41.5988,1730.4572,4,4.3934,16.4412,-24.5215,23.8843,48.4058,17.0181,289.6143,3,34.5322,16.4072,2.6367,51.2402,48.6035,38.2318,1461.672,0,39.9661,15.2891,17.1387,59.4196,42.2809,42.7907,1831.0426,0,13.6906,Checkline,1
2025-09-04 15:31,12.1665,0,12.1665,12.1665,0,12.1665,148.0238,0,-0.8916,0.7181,-1.9766,0.3838,2.3604,1.1448,1.3105,3,0.4901,0.5135,-0.3667,1.0752,1.4419,0.7099,0.5039,3,75.9847,33.9832,40.9546,155.2124,114.2578,83.2378,6928.5348,0,-13.7451,73.8899,-95.0928,126.0376,221.1304,75.1574,5648.6418,3,8.8013,51.8435,-71.167,87.4634,158.6304,52.5853,2765.2137,3,3.6383,17.4924,-22.1155,24.6808,46.7963,17.8668,319.2216,3,36.4252,13.7345,8.1903,50.592,42.4017,38.9285,1515.4282,0,35.4675,14.2685,16.3147,55.9753,39.6606,38.2301,1461.5368,0,13.7608,Checkline,1
2025-09-04 15:31,12.1665,0,12.1665,12.1665,0,12.1665,148.0238,0,0.5235,0.382,0.124,1.2598,1.1357,0.6481,0.42,0,-0.8401,0.5774,-1.7715,-0.0679,1.7036,1.0194,1.0392,0,24.0641,30.8927,-9.8877,91.3696,101.2573,39.1592,1533.4407,4,-1.5259,23.0658,-34.4849,51.7578,86.2427,23.1162,534.3584,4,2.1281,29.9875,-53.5278,56.0303,109.5581,30.0629,903.78,11,0.5123,10.4196,-16.9354,18.2373,35.1727,10.4322,108.8315,4,-77.2214,4.4493,-82.8589,-67.11,15.7489,77.3495,5982.9468,0,-29.5822,13.9704,-47.1204,-6.5863,40.5341,32.7151,1070.277,0,13.5301,Overhead,1
2025-09-04 15:31,12.1665,0,12.1665,12.1665,0,12.1665,148.0238,0,0.5446,0.4332,-0.0308,1.3843,1.415,0.6959,0.4843,1,-0.8713,0.7823,-2.1382,0.1797,2.3179,1.171,1.3712,3,33.7646,43.6623,-10.6812,125.7935,136.4746,55.1946,3046.4465,5,3.5116,36.6655,-42.6636,78.9185,121.582,36.8332,1356.6864,3,-2.4007,53.9966,-89.6606,150.3296,239.9902,54.0499,2921.391,10,0.1516,10.6875,-17.9187,16.1554,34.0741,10.6886,114.2464,7,-71.9429,6.4549,-80.0903,-58.6615,21.4288,72.2319,5217.4422,0,-35.588,11.6986,-51.9104,-12.6178,39.2926,37.4615,1403.3649,0,13.6249,Overhead,1
2025-09-04 15:31,12.1665,0,12.1665,12.1665,0,12.1665,148.0238,0,0.6754,0.4982,0.1411,1.6963,1.5552,0.8392,0.7043,0,-0.7259,0.7667,-1.9731,0.3994,2.3726,1.0558,1.1148,4,22.2982,39.0105,-17.7002,96.5576,114.2578,44.9336,2019.0264,3,-3.3407,30.5314,-60.8521,56.3965,117.2485,30.7136,943.3237,7,0.3499,57.9303,-94.6045,144.9585,239.563,57.9314,3356.043,9,-0.019,12.4569,-18.6877,21.5552,40.2429,12.4569,155.1735,4,-72.8961,8.1116,-81.0406,-54.3713,26.6693,73.346,5379.6422,0,-43.1741,14.3391,-60.4303,-17.5507,42.8796,45.493,2069.609,0,13.6487,Overhead,1
2025-09-04 15:31,12.1665,0,12.1665,12.1665,0,12.1665,148.0238,0,0.657,0.6038,-0.0312,1.8232,1.8545,0.8923,0.7962,2,-0.6601,0.7498,-1.9302,0.5093,2.4395,0.9989,0.9979,4,23.1405,40.957,-19.5312,118.8354,138.3667,47.042,2212.9543,5,-0.7935,34.6283,-65.0635,86.6699,151.7334,34.6373,1199.7454,6,-1.9084,58.996,-89.1113,126.0376,215.1489,59.0268,3484.1689,10,-0.8053,13.786,-20.0555,22.3242,42.3798,13.8095,190.7023,4,-67.9878,9.2879,-77.4371,-44.8572,32.58,68.6193,4708.6042,0,-44.1094,14.9659,-63.902,-22.4396,41.4624,46.5791,2169.6164,0,13.5763,Overhead,1
2025-09-04 15:31,12.1665,0,12.1665,12.1665,0,12.1665,148.0238,0,0.7383,0.6962,-0.1284,2.0088,2.1372,1.0148,1.0298,2,-0.5882,0.7915,-2.0449,0.5557,2.6006,0.9861,0.9724,5,30.1921,49.407,-14.4653,137.6953,152.1606,57.9017,3352.6093,4,-1.9735,55.189,-94.2993,110.7788,205.0781,55.2242,3049.7151,7,6.1727,106.3724,-123.7793,247.9858,371.7651,106.5514,11353.1925,8,-1.5399,14.8622,-22.2748,20.7861,43.0609,14.9418,223.2578,4,-58.7842,14.0872,-73.2019,-29.5697,43.6322,60.4486,3654.0294,0,-45.594,14.8263,-68.0823,-21.6595,46.4227,47.9441,2298.6329,0,13.6443,Overhead,1
2025-09-04 15:31,12.1665,0,12.1665,12.1665,0,12.1665,148.0238,0,0.6845,0.6615,-0.2095,2.0273,2.2368,0.9519,0.9061,4,-0.6251,0.8501,-2.2783,0.3672,2.6455,1.0552,1.1135,5,30.8553,49.3105,-9.1553,154.2358,163.3911,58.1685,3383.5761,5,-3.6011,40.5351,-59.9365,81.543,141.4795,40.6948,1656.0656,6,4.7729,68.9846,-91.4307,177.1851,268.6157,69.1496,4781.6622,11,-1.0605,14.7129,-20.7532,24.483,45.2362,14.7511,217.5946,4,-62.3708,10.8142,-72.8064,-35.6506,37.1558,63.3014,4007.0697,0,-41.4331,16.0769,-63.7152,-15.9686,47.7466,44.4429,1975.1703,0,13.6138,Overhead,1
2025-09-04 15:31,12.1665,0,12.1665,12.1665,0,12.1665,148.0238,0,0.6185,0.4907,-0.1519,1.521,1.6729,0.7895,0.6233,2,-0.6544,0.7766,-1.9946,0.5273,2.522,1.0156,1.0314,3,42.8833,64.6025,-17.1509,186.6455,203.7964,77.54,6012.4554,4,-1.1678,43.66,-82.5806,69.7632,152.3438,43.6756,1907.5575,4,12.3006,94.0159,-142.0898,194.8853,336.9751,94.8172,8990.3,9,0.4501,13.8822,-20.5939,21.5387,42.1326,13.8895,192.9174,6,-57.4435,13.5555,-73.526,-30.3937,43.1323,59.0212,3483.504,0,-45.7493,14.4722,-65.3247,-20.2148,45.1099,47.9837,2302.4401,0,13.576,Overhead,1
2025-09-04 15:31,12.1665,0,12.1665,12.1665,0,12.1665,148.0238,0,0.6816,0.5978,-0.0327,1.8428,1.8755,0.9066,0.822,2,-0.5783,0.7183,-1.7349,0.3218,2.0566,0.9222,0.8504,5,35.9538,48.2382,-4.0283,154.8462,158.8745,60.1631,3619.5983,3,5.5216,55.6677,-88.2568,128.2349,216.4917,55.9409,3129.3812,6,3.4749,93.1036,-119.751,255.0049,374.7559,93.1684,8680.3555,8,-1.1418,13.7427,-20.9344,21.0828,42.0172,13.79,190.1646,4,-53.7715,14.8204,-70.285,-20.4456,49.8395,55.7765,3111.0164,0,-46.1547,13.5397,-63.0396,-23.0054,40.0342,48.0997,2313.5771,0,13.531,Overhead,1
2025-09-04 15:31,12.1665,0,12.1665,12.1665,0,12.1665,148.0238,0,0.5387,0.3787,0.001,1.3452,1.3442,0.6585,0.4336,0,-0.6854,0.8882,-2.2217,0.3706,2.5923,1.1219,1.2587,6,40.8976,53.3034,-4.3945,163.0249,167.4194,67.1853,4513.864,2,7.2795,55.2676,-49.1333,90.0269,139.1602,55.7449,3107.4988,4,-3.7516,48.5667,-85.8765,68.8477,154.7241,48.7114,2372.8028,8,-1.1704,10.0027,-14.9744,17.8473,32.8217,10.0709,101.4233,8,-58.771,8.6644,-71.12,-43.1488,27.9712,59.4062,3529.1017,0,-41.506,10.2251,-53.2013,-21.4893,31.712,42.7469,1827.2986,0,13.4775,Overhead,1
2025-09-04 15:31,12.1665,0,12.1665,12.1665,0,12.1665,148.0238,0,0.5742,0.4303,0.1099,1.5039,1.394,0.7175,0.5148,0,-0.7726,0.8515,-2.1177,0.4058,2.5234,1.1497,1.3219,4,26.2899,28.7985,-5.249,80.5664,85.8154,38.9937,1520.5093,4,-0.1546,32.5835,-47.1191,77.8198,124.939,32.5839,1061.7092,5,11.8612,48.3321,-67.9321,105.4077,173.3398,49.7662,2476.6795,9,-0.7635,11.059,-16.1115,20.105,36.2164,11.0854,122.885,4,-69.731,4.9195,-76.5747,-58.7659,17.8088,69.9043,4886.6074,0,-38.4298,12.9785,-54.3988,-16.4081,37.9907,40.5622,1645.2929,0,13.6118,Overhead,1
2025-09-11 23:28:51,12.1665,0.0000,12.1665,12.1665,0.0000,12.1665,148.0238,0.0000,-0.4778,0.1923,-0.7749,-0.1362,0.6387,0.5150,0.2653,0.0000,0.1833,0.2547,-0.2310,0.4985,0.7295,0.3138,0.0985,3.0000,112.0890,58.4804,33.4473,208.4961,175.0488,126.4275,15983.9111,0.0000,4.1870,85.0730,-116.6992,115.7227,232.4219,85.1760,7254.9505,3.0000,5.5990,13.8300,-15.7471,25.0244,40.7715,14.9204,222.6179,6.0000,0.1307,3.5432,-5.8502,4.2352,10.0854,3.5456,12.5713,3.0000,6.7866,12.4282,-11.9641,24.4830,36.4471,14.1605,200.5191,3.0000,28.1411,2.6400,24.8071,32.2449,7.4377,28.2647,798.8921,0.0000,12.9194,Left,1
2025-09-11 23:28:57,12.1665,0.0000,12.1665,12.1665,0.0000,12.1665,148.0238,0.0000,-0.4713,0.2083,-0.7949,-0.1372,0.6577,0.5153,0.2655,0.0000,0.2155,0.3197,-0.2744,0.6646,0.9390,0.3856,0.1487,4.0000,109.9162,78.1350,10.6812,243.1641,232.4829,134.8579,18186.6420,0.0000,1.5788,105.6885,-153.6255,154.3579,307.9834,105.7003,11172.5464,3.0000,1.3509,17.8085,-33.0200,30.2124,63.2324,17.8597,318.9673,5.0000,0.4006,4.1297,-5.0812,6.1414,11.2225,4.1491,17.2152,3.0000,5.2386,15.1611,-14.9524,31.4868,46.4392,16.0406,257.3018,4.0000,29.5811,1.8652,27.0154,32.9590,5.9436,29.6398,878.5178,0.0000,12.9706,Left,1
2025-09-11 23:29:04,12.1665,0.0000,12.1665,12.1665,0.0000,12.1665,148.0238,0.0000,-0.4065,0.1837,-0.7227,-0.1226,0.6001,0.4461,0.1990,0.0000,0.2668,0.2506,-0.1064,0.6523,0.7588,0.3661,0.1340,4.0000,105.7210,64.9618,37.0483,226.9897,189.9414,124.0845,15396.9685,0.0000,15.8325,88.8896,-113.4033,141.1133,254.5166,90.2886,8152.0252,4.0000,-3.4058,18.2742,-42.0532,32.7759,74.8291,18.5889,345.5458,8.0000,0.4244,4.1361,-5.6195,6.0535,11.6730,4.1578,17.2872,4.0000,12.7075,10.5203,-1.4172,31.0089,32.4261,16.4972,272.1569,2.0000,27.5222,1.5207,24.4391,29.8004,5.3613,27.5642,759.7851,0.0000,12.8644,Left,1
2025-09-11 23:29:10,12.1665,0.0000,12.1665,12.1665,0.0000,12.1665,148.0238,0.0000,-0.4707,0.2366,-0.8906,-0.1650,0.7256,0.5268,0.2775,0.0000,0.1817,0.2492,-0.1655,0.5356,0.7012,0.3084,0.0951,4.0000,104.2399,62.2366,38.1470,215.8203,177.6733,121.4057,14739.3520,0.0000,3.7313,78.8599,-103.8208,115.1733,218.9941,78.9481,6232.8088,4.0000,-0.2970,11.7937,-18.3716,21.6064,39.9780,11.7975,139.1801,4.0000,0.2428,4.7163,-6.6467,6.2402,12.8870,4.7225,22.3022,4.0000,7.3616,11.3622,-8.3496,26.1969,34.5465,13.5385,183.2921,4.0000,30.4343,1.9034,26.8121,33.6072,6.7950,30.4938,929.8710,0.0000,12.8954,Left,1
2025-09-11 23:29:15,12.1665,0.0000,12.1665,12.1665,0.0000,12.1665,148.0238,0.0000,-0.4052,0.2152,-0.7637,-0.0679,0.6958,0.4588,0.2105,0.0000,0.1975,0.2429,-0.0942,0.5635,0.6577,0.3131,0.0980,4.0000,104.5614,61.7650,36.1328,226.1353,190.0024,121.4413,14747.9874,0.0000,0.9115,71.8432,-106.6895,106.5674,213.2568,71.8490,5162.2773,4.0000,0.6185,15.7685,-26.1230,25.3296,51.4526,15.7806,249.0277,6.0000,0.3127,3.8566,-5.1801,6.3995,11.5796,3.8692,14.9711,5.0000,9.4764,10.2132,-3.6420,27.2626,30.9045,13.9324,194.1121,4.0000,27.3677,1.8369,22.8845,29.8718,6.9873,27.4293,752.3638,0.0000,12.8226,Left,1
2025-09-11 23:29:21,12.1665,0.0000,12.1665,12.1665,0.0000,12.1665,148.0238,0.0000,-0.4664,0.2682,-0.9673,-0.1084,0.8589,0.5380,0.2894,0.0000,0.2745,0.3335,-0.2144,0.7612,0.9756,0.4320,0.1866,4.0000,104.6712,76.1667,21.4233,246.7651,225.3418,129.4505,16757.4296,0.0000,2.3356,101.5776,-145.3857,138.3057,283.6914,101.6044,10323.4604,4.0000,-0.7975,24.0070,-53.4058,31.0669,84.4727,24.0202,576.9715,8.0000,0.0758,4.9129,-7.6740,6.6193,14.2932,4.9135,24.1425,4.0000,11.0416,13.9910,-6.5533,33.0469,39.6002,17.8232,317.6659,4.0000,29.7184,2.0710,26.2958,33.8379,7.5421,29.7905,887.4716,0.0000,12.9993,Left,1
2025-09-11 23:29:33,12.1665,0.0000,12.1665,12.1665,0.0000,12.1665,148.0238,0.0000,-0.4478,0.2693,-0.8047,-0.0532,0.7515,0.5225,0.2730,0.0000,0.3211,0.3035,-0.1484,0.7090,0.8574,0.4418,0.1952,4.0000,117.4194,79.6865,22.3389,263.7329,241.3940,141.9058,20137.2695,0.0000,10.4085,101.8637,-135.3760,142.8833,278.2593,102.3941,10484.5509,4.0000,5.7007,22.8327,-39.3677,43.6401,83.0078,23.5336,553.8312,8.0000,0.3944,5.3303,-7.8333,7.1466,14.9799,5.3449,28.5677,4.0000,13.9728,13.2033,-4.7186,33.6566,38.3752,19.2241,369.5666,4.0000,26.7568,2.0407,22.4341,30.2399,7.8058,26.8345,720.0929,0.0000,12.9916,Left,1
2025-09-11 23:29:39,12.1665,0.0000,12.1665,12.1665,0.0000,12.1665,148.0238,0.0000,-0.5393,0.3143,-1.0337,-0.1436,0.8901,0.6242,0.3896,0.0000,0.2195,0.2909,-0.2915,0.6167,0.9082,0.3644,0.1328,4.0000,100.1058,71.8384,17.9443,241.4551,223.5107,123.2150,15181.9309,0.0000,9.6476,97.2820,-141.9067,140.2588,282.1655,97.7592,9556.8694,4.0000,2.8320,19.1600,-29.7852,32.5317,62.3169,19.3682,375.1258,8.0000,0.7753,6.6514,-9.5306,9.1901,18.7207,6.6964,44.8423,4.0000,7.6143,14.1878,-12.6837,30.5090,43.1927,16.1019,259.2707,4.0000,33.6844,1.7692,30.4871,35.9528,5.4657,33.7309,1137.7721,0.0000,13.0228,Left,1
2025-09-11 23:29:44,12.1665,0.0000,12.1665,12.1665,0.0000,12.1665,148.0238,0.0000,-0.4109,0.2152,-0.7705,-0.0981,0.6724,0.4638,0.2152,0.0000,0.2147,0.3300,-0.2876,0.6499,0.9375,0.3937,0.1550,4.0000,109.5215,75.3104,22.3389,244.8120,222.4731,132.9158,17666.6066,0.0000,-0.5575,99.4372,-140.6250,142.9443,283.5693,99.4387,9888.0626,4.0000,-1.0091,24.1412,-70.3125,34.0576,104.3701,24.1622,583.8136,7.0000,0.2311,5.4277,-7.6575,8.1958,15.8533,5.4326,29.5135,3.0000,6.4219,14.2852,-11.4203,29.5312,40.9515,15.6623,245.3078,4.0000,26.3196,2.5325,21.6815,30.2728,8.5913,26.4411,699.1339,0.0000,12.9097,Left,1
2025-09-11 23:29:57,12.1665,0.0000,12.1665,12.1665,0.0000,12.1665,148.0238,0.0000,-0.3951,0.2781,-0.8164,-0.0391,0.7773,0.4831,0.2334,0.0000,0.1787,0.3790,-0.3848,0.7612,1.1460,0.4190,0.1756,3.0000,105.5094,95.2360,7.8125,285.2173,277.4048,142.1342,20202.1301,0.0000,6.9336,117.6248,-163.2690,157.5928,320.8618,117.8290,13883.6702,4.0000,-1.2492,25.5129,-56.8237,38.8794,95.7031,25.5435,652.4699,5.0000,0.1132,5.3909,-8.6957,6.8390,15.5347,5.3921,29.0747,4.0000,0.0985,15.9628,-21.7859,26.6254,48.4113,15.9631,254.8216,4.0000,26.5657,2.2395,21.7090,28.8171,7.1082,26.6599,710.7502,0.0000,12.9178,Left,1
2025-09-11 23:30:13,12.1665,0.0000,12.1665,12.1665,0.0000,12.1665,148.0238,0.0000,-0.3829,0.2968,-0.8564,0.0439,0.9004,0.4845,0.2347,4.0000,0.0155,0.1990,-0.2827,0.2886,0.5713,0.1996,0.0398,4.0000,113.1632,59.7744,36.0107,208.0078,171.9971,127.9801,16378.9026,0.0000,5.4281,81.2850,-137.0850,110.9619,248.0469,81.4660,6636.7144,4.0000,-0.9033,49.6605,-76.2939,65.3076,141.6016,49.6687,2466.9846,4.0000,0.0883,4.0607,-6.3501,5.9326,12.2827,4.0617,16.4974,4.0000,-2.4628,10.6799,-16.8860,16.8036,33.6896,10.9602,120.1252,3.0000,19.7585,5.5770,11.5137,27.5977,16.0840,20.5305,421.5031,0.0000,12.7421,Right,1
2025-09-11 23:30:23,12.1665,0.0000,12.1665,12.1665,0.0000,12.1665,148.0238,0.0000,-0.4213,0.4068,-0.9966,0.1982,1.1948,0.5856,0.3430,4.0000,0.1288,0.2214,-0.2510,0.4131,0.6641,0.2561,0.0656,4.0000,130.1432,95.7320,10.1929,282.8979,272.7051,161.5608,26101.8833,0.0000,-0.6307,107.4269,-159.3018,148.7427,308.0444,107.4288,11540.9431,5.0000,-4.7445,60.1805,-84.1064,109.2529,193.3594,60.3672,3644.2026,4.0000,0.0491,4.5501,-6.8939,6.7346,13.6285,4.5504,20.7059,5.0000,2.3489,12.1531,-14.4031,21.0553,35.4584,12.3780,153.2141,4.0000,18.8727,5.9353,8.5309,27.9437,19.4128,19.7840,391.4054,0.0000,12.8578,Right,1
2025-09-11 23:30:29,12.1665,0.0000,12.1665,12.1665,0.0000,12.1665,148.0238,0.0000,-0.3946,0.3603,-1.0884,0.1055,1.1938,0.5343,0.2855,5.0000,0.0649,0.2305,-0.2783,0.4233,0.7017,0.2394,0.0573,4.0000,102.7629,73.6984,15.3198,212.8296,197.5098,126.4581,15991.6538,0.0000,6.9458,95.1124,-143.9209,127.0142,270.9351,95.3657,9094.6210,4.0000,2.0874,59.8949,-85.0220,83.9844,169.0063,59.9313,3591.7563,4.0000,0.5299,4.3029,-6.2457,6.6522,12.8979,4.3354,18.7954,4.0000,-0.5032,12.1585,-16.6498,18.3252,34.9750,12.1689,148.0821,4.0000,23.0350,6.4401,13.1836,33.8708,20.6873,23.9183,572.0874,0.0000,12.7956,Right,1
2025-09-11 23:30:34,12.1665,0.0000,12.1665,12.1665,0.0000,12.1665,148.0238,0.0000,-0.4214,0.3318,-1.0728,0.0864,1.1592,0.5363,0.2876,4.0000,0.0872,0.1991,-0.2129,0.3730,0.5859,0.2173,0.0472,4.0000,110.9334,54.4491,32.1655,210.0830,177.9175,123.5756,15270.9352,0.0000,9.1471,76.8962,-111.3281,105.1025,216.4307,77.4383,5996.6922,4.0000,3.9225,53.8365,-103.0273,77.7588,180.7861,53.9792,2913.7512,4.0000,0.6028,5.2290,-7.7783,7.5311,15.3094,5.2636,27.7059,4.0000,2.7729,10.5028,-13.2056,19.8029,33.0084,10.8627,117.9990,4.0000,22.8761,4.9067,14.9908,30.1630,15.1721,23.3964,547.3914,0.0000,12.7903,Right,1
2025-09-11 23:30:40,12.1665,0.0000,12.1665,12.1665,0.0000,12.1665,148.0238,0.0000,-0.3827,0.3331,-0.9219,0.1333,1.0552,0.5074,0.2575,4.0000,0.0326,0.2026,-0.3071,0.3569,0.6641,0.2052,0.0421,4.0000,108.9437,64.2193,16.9678,232.1777,215.2100,126.4628,15992.8386,0.0000,4.3416,83.6489,-133.9722,105.6519,239.6240,83.7615,7015.9870,4.0000,-8.3415,60.1930,-97.5952,72.0215,169.6167,60.7682,3692.7799,4.0000,0.3966,3.7714,-7.3773,5.4108,12.7881,3.7922,14.3807,4.0000,-1.6476,10.4916,-15.4248,15.2271,30.6519,10.6202,112.7885,3.0000,19.6447,7.5834,7.7014,30.0256,22.3242,21.0576,443.4209,0.0000,12.7588,Right,1
2025-09-11 23:30:46,12.1665,0.0000,12.1665,12.1665,0.0000,12.1665,148.0238,0.0000,-0.3705,0.3237,-0.9839,0.1021,1.0859,0.4920,0.2420,4.0000,0.0117,0.1202,-0.1597,0.2764,0.4360,0.1207,0.0146,2.0000,117.2567,70.6876,26.0010,236.2671,210.2661,136.9155,18745.8652,0.0000,5.0944,88.4144,-128.7842,123.8403,252.6245,88.5610,7843.0514,4.0000,8.0119,76.4016,-101.9897,102.6611,204.6509,76.8206,5901.4015,4.0000,0.6855,4.6371,-6.2018,7.1082,13.3099,4.6875,21.9724,4.0000,-1.7563,10.9989,-16.9135,15.9686,32.8821,11.1382,124.0601,4.0000,18.7863,7.8940,8.4320,32.8491,24.4171,20.3774,415.2392,0.0000,12.6629,Right,1
2025-09-11 23:31:00,12.1665,0.0000,12.1665,12.1665,0.0000,12.1665,148.0238,0.0000,-0.4435,0.3956,-0.9365,0.1396,1.0762,0.5943,0.3532,4.0000,0.1377,0.2161,-0.1777,0.4385,0.6162,0.2562,0.0657,4.0000,126.5869,85.7386,14.4653,244.0186,229.5532,152.8900,23375.3512,0.0000,-3.9307,100.6818,-164.3677,137.5732,301.9409,100.7585,10152.2774,5.0000,0.7528,65.3774,-90.1489,92.4072,182.5562,65.3817,4274.7729,5.0000,0.3325,5.6627,-8.8495,8.7122,17.5616,5.6725,32.1768,5.0000,4.6190,13.4988,-15.0787,22.8241,37.9028,14.2672,203.5527,4.0000,21.0256,6.0975,10.8270,28.7128,17.8857,21.8919,479.2562,0.0000,12.8839,Right,1
2025-09-11 23:31:05,12.1665,0.0000,12.1665,12.1665,0.0000,12.1665,148.0238,0.0000,-0.4898,0.4505,-1.3218,0.2061,1.5278,0.6655,0.4429,4.0000,0.1497,0.1863,-0.1626,0.3843,0.5469,0.2390,0.0571,4.0000,115.2140,86.3782,-2.4414,263.9160,266.3574,143.9982,20735.4742,2.0000,15.5599,107.9394,-170.2271,146.1792,316.4062,109.0552,11893.0325,4.0000,4.8340,73.5543,-113.2812,117.4927,230.7739,73.7130,5433.6021,4.0000,0.9291,6.4554,-10.1733,8.6957,18.8690,6.5220,42.5358,4.0000,5.8909,14.0590,-13.6945,28.9709,42.6654,15.2433,232.3578,4.0000,24.0388,6.3031,12.3322,32.8711,20.5389,24.8514,617.5937,0.0000,12.9054,Right,1
2025-09-11 23:31:10,12.1665,0.0000,12.1665,12.1665,0.0000,12.1665,148.0238,0.0000,-0.4381,0.4250,-1.2612,0.1274,1.3887,0.6104,0.3725,4.0000,0.0966,0.2004,-0.2119,0.3774,0.5894,0.2225,0.0495,5.0000,116.0848,92.9115,3.9062,264.0991,260.1929,148.6884,22108.2337,0.0000,18.0868,108.6173,-163.2690,149.2310,312.5000,110.1129,12124.8511,4.0000,16.4551,76.5123,-93.1396,115.3564,208.4961,78.2618,6124.9018,4.0000,1.0668,5.8631,-7.3773,9.3713,16.7487,5.9594,35.5140,4.0000,0.8009,13.0682,-17.9187,20.9125,38.8312,13.0928,171.4204,5.0000,22.9336,6.5294,14.0680,33.8983,19.8303,23.8450,568.5826,0.0000,12.8267,Right,1
2025-09-11 23:31:28,12.1665,0.0000,12.1665,12.1665,0.0000,12.1665,148.0238,0.0000,-0.3544,0.3849,-0.8960,0.2021,1.0981,0.5232,0.2738,4.0000,-0.0041,0.1583,-0.2666,0.2329,0.4995,0.1584,0.0251,4.0000,123.2300,88.9718,4.4556,270.6909,266.2354,151.9921,23101.6087,0.0000,-8.0200,90.3927,-145.3247,119.6899,265.0146,90.7478,8235.1543,4.0000,-4.0894,61.1629,-84.8389,97.2900,182.1289,61.2995,3757.6236,4.0000,-0.1110,4.0888,-6.2732,6.3501,12.6233,4.0903,16.7309,4.0000,-5.6305,11.6504,-22.0496,12.9858,35.0354,12.9396,167.4343,4.0000,16.6908,6.8039,5.8997,27.2296,21.3300,18.0243,324.8763,0.0000,12.7318,Right,1
2025-09-11 23:31:50,12.1665,0.0000,12.1665,12.1665,0.0000,12.1665,148.0238,0.0000,0.6153,0.4462,-0.0454,1.2676,1.3130,0.7600,0.5777,2.0000,-0.7913,0.2063,-1.0405,-0.2783,0.7622,0.8178,0.6687,0.0000,6.3354,12.9400,-20.5688,24.4751,45.0439,14.4077,207.5809,6.0000,-1.2817,32.3253,-46.0815,51.8188,97.9004,32.3507,1046.5704,4.0000,-6.1768,36.5691,-62.6221,51.0254,113.6475,37.0870,1375.4492,8.0000,-0.4669,15.0888,-17.2540,24.2633,41.5173,15.0960,227.8896,4.0000,-82.4114,4.6103,-89.7034,-75.9595,13.7439,82.5402,6812.8900,0.0000,-33.3845,18.7065,-56.5961,-5.7843,50.8118,38.2683,1464.4597,0.0000,13.5792,Overhead,1
2025-09-11 23:31:55,12.1665,0.0000,12.1665,12.1665,0.0000,12.1665,148.0238,0.0000,0.5306,0.3854,-0.0854,1.3286,1.4141,0.6558,0.4301,2.0000,-0.7554,0.2255,-1.0884,-0.2109,0.8774,0.7883,0.6215,0.0000,11.4014,11.6444,-15.8081,25.7568,41.5649,16.2968,265.5844,4.0000,-2.6367,33.8631,-48.8892,58.6548,107.5439,33.9656,1153.6628,4.0000,-3.0884,34.6546,-59.8145,57.8003,117.6147,34.7920,1210.4807,4.0000,-1.3795,14.8695,-19.1272,23.0328,42.1600,14.9333,223.0041,4.0000,-82.0748,4.1187,-91.3019,-76.0858,15.2161,82.1781,6753.2411,0.0000,-30.2637,16.1903,-55.2338,-3.1860,52.0477,34.3222,1178.0162,0.0000,13.4639,Overhead,1
2025-09-11 23:32:00,12.1665,0.0000,12.1665,12.1665,0.0000,12.1665,148.0238,0.0000,0.5220,0.4528,0.0186,1.3613,1.3428,0.6910,0.4775,0.0000,-0.7510,0.2910,-1.2749,-0.2266,1.0483,0.8054,0.6487,0.0000,15.2507,8.4111,-2.2583,29.5410,31.7993,17.4163,303.3290,2.0000,-2.6896,18.7073,-32.6538,24.5361,57.1899,18.8996,357.1960,4.0000,-10.9212,37.5764,-70.8618,33.8135,104.6753,39.1313,1531.2582,4.0000,-2.6356,15.4328,-19.9841,21.3684,41.3525,15.6562,245.1179,4.0000,-79.8358,2.4418,-85.2539,-76.6516,8.6023,79.8731,6379.7199,0.0000,-32.6492,16.3307,-56.2225,-8.6847,47.5378,36.5056,1332.6616,0.0000,13.4395,Overhead,1
2025-09-11 23:32:05,12.1665,0.0000,12.1665,12.1665,0.0000,12.1665,148.0238,0.0000,0.7822,0.5105,0.0952,1.5347,1.4395,0.9341,0.8725,0.0000,-0.7647,0.3391,-1.4136,-0.2974,1.1162,0.8365,0.6998,0.0000,5.9408,5.4718,-3.7231,14.8315,18.5547,8.0767,65.2328,4.0000,1.7008,11.9036,-21.8506,18.8599,40.7104,12.0245,144.5880,8.0000,4.0365,54.8245,-92.6514,91.9189,184.5703,54.9729,3022.0206,5.0000,-0.8862,16.5267,-19.8962,27.1967,47.0929,16.5505,273.9177,5.0000,-84.4263,3.0394,-89.1101,-80.3265,8.7836,84.4810,7137.0327,0.0000,-40.8519,17.1581,-61.6827,-13.1122,48.5706,44.3089,1963.2822,0.0000,13.7134,Overhead,1
2025-09-11 23:32:10,12.1665,0.0000,12.1665,12.1665,0.0000,12.1665,148.0238,0.0000,0.6358,0.5740,-0.0850,1.5835,1.6685,0.8566,0.7337,4.0000,-0.6559,0.2868,-1.1323,0.0503,1.1826,0.7158,0.5124,2.0000,5.8187,8.1896,-7.8125,19.4092,27.2217,10.0462,100.9266,8.0000,0.5249,14.5375,-32.8369,28.3813,61.2183,14.5470,211.6151,5.0000,-7.2266,56.2026,-100.0977,88.1348,188.2324,56.6653,3210.9534,4.0000,-2.7865,18.3849,-22.9065,29.0094,51.9159,18.5948,345.7683,4.0000,-84.3127,3.9340,-91.0602,-78.7445,12.3157,84.4045,7124.1150,0.0000,-38.4214,19.5813,-69.2578,-11.4917,57.7661,43.1234,1859.6288,0.0000,13.4825,Overhead,1
2025-09-11 23:32:15,12.1665,0.0000,12.1665,12.1665,0.0000,12.1665,148.0238,0.0000,0.7539,0.5954,-0.0273,1.6958,1.7231,0.9607,0.9229,2.0000,-0.7269,0.2883,-1.2861,-0.0015,1.2847,0.7820,0.6115,0.0000,2.4211,12.0657,-23.3154,15.6860,39.0015,12.3062,151.4432,5.0000,4.1870,19.5075,-26.5503,38.9404,65.4907,19.9518,398.0728,5.0000,5.9652,56.7132,-75.7446,123.5352,199.2798,57.0261,3251.9738,5.0000,-0.2314,18.3825,-24.2688,27.5537,51.8225,18.3840,337.9701,5.0000,-85.6849,4.5112,-94.8120,-80.8649,13.9471,85.8036,7362.2592,0.0000,-39.6991,20.7410,-67.6868,-9.1022,58.5846,44.7907,2006.2088,0.0000,13.6509,Overhead,1
2025-09-11 23:32:27,12.1665,0.0000,12.1665,12.1665,0.0000,12.1665,148.0238,0.0000,0.5401,0.5689,0.0317,1.9214,1.8896,0.7845,0.6154,0.0000,-0.5793,0.2872,-1.0620,0.1318,1.1938,0.6466,0.4181,1.0000,2.4536,7.2473,-9.6436,17.8833,27.5269,7.6513,58.5429,7.0000,-2.5716,26.1385,-44.3726,46.5088,90.8813,26.2647,689.8334,4.0000,13.4399,66.4677,-82.5806,124.5728,207.1533,67.8129,4598.5855,5.0000,0.1227,17.8183,-25.5432,28.1250,53.6682,17.8187,317.5063,5.0000,-80.8103,3.3874,-88.3081,-77.0911,11.2170,80.8813,6541.7797,0.0000,-35.9619,18.2229,-71.7462,-12.0795,59.6667,40.3154,1625.3351,0.0000,13.3035,Overhead,1
2025-09-11 23:32:32,12.1665,0.0000,12.1665,12.1665,0.0000,12.1665,148.0238,0.0000,0.7210,0.6193,-0.0044,1.7876,1.7920,0.9504,0.9033,2.0000,-0.6382,0.3577,-1.2124,-0.0171,1.1953,0.7316,0.5353,0.0000,6.2337,12.0255,-28.5645,21.7896,50.3540,13.5452,183.4720,4.0000,6.9702,24.9577,-49.0723,61.0352,110.1074,25.9127,671.4689,7.0000,17.6351,65.7502,-103.8208,122.8638,226.6846,68.0741,4634.0798,5.0000,2.5063,18.2509,-22.4396,27.5977,50.0372,18.4222,339.3788,5.0000,-82.0203,4.9284,-97.4817,-76.8604,20.6213,82.1682,6751.6129,0.0000,-42.3633,18.9828,-69.6204,-15.0677,54.5526,46.4219,2154.9924,0.0000,13.5263,Overhead,1
2025-09-11 23:32:37,12.1665,0.0000,12.1665,12.1665,0.0000,12.1665,148.0238,0.0000,0.7731,0.5728,0.0620,1.7490,1.6870,0.9622,0.9258,0.0000,-0.7213,0.3244,-1.3726,-0.2568,1.1157,0.7909,0.6254,0.0000,3.8371,10.8457,-14.5874,24.0479,38.6353,11.5044,132.3524,9.0000,7.2754,30.8899,-46.2036,73.3032,119.5068,31.7351,1007.1163,4.0000,6.8237,55.1446,-86.5479,93.3838,179.9316,55.5652,3087.4871,5.0000,1.3575,18.3134,-23.6865,30.1849,53.8715,18.3636,337.2227,5.0000,-85.9479,4.3660,-93.5266,-79.7992,13.7274,86.0587,7406.0998,0.0000,-42.2977,17.3058,-64.6106,-15.8807,48.7299,45.7011,2088.5871,0.0000,13.6609,Overhead,1
2025-09-11 23:32:52,12.1665,0.0000,12.1665,12.1665,0.0000,12.1665,148.0238,0.0000,0.6684,0.6645,-0.0610,1.9131,1.9741,0.9425,0.8883,3.0000,-0.6099,0.3049,-1.2539,-0.0049,1.2490,0.6819,0.4650,0.0000,11.5153,14.4079,-7.3242,35.5835,42.9077,18.4442,340.1895,4.0000,4.5492,29.7768,-62.5000,54.3213,116.8213,30.1223,907.3541,4.0000,-5.1188,87.0683,-135.8643,184.2651,320.1294,87.2186,7607.0890,4.0000,-3.4453,17.9702,-27.1362,26.9165,54.0527,18.2975,334.7984,5.0000,-73.7966,4.3149,-83.9960,-64.7095,19.2865,73.9227,5464.5610,0.0000,-42.0330,20.8224,-74.4708,-12.1619,62.3090,46.9078,2200.3418,0.0000,13.4621,Overhead,1
2025-09-11 23:33:05,12.1665,0.0000,12.1665,12.1665,0.0000,12.1665,148.0238,0.0000,-1.1271,0.5079,-1.8418,-0.2642,1.5776,1.2362,1.5282,0.0000,0.2753,0.2182,-0.1045,0.5767,0.6812,0.3512,0.1234,2.0000,-15.2791,41.7249,-83.0688,37.5366,120.6055,44.4344,1974.4185,3.0000,-16.4347,77.1353,-121.2769,99.1821,220.4590,78.8667,6219.9565,3.0000,27.8524,27.5364,-19.4702,65.4297,84.8999,39.1664,1534.0102,3.0000,1.4242,11.1264,-16.9244,14.2548,31.1792,11.2172,125.8261,3.0000,19.9178,124.1395,-171.2769,142.4048,313.6816,125.7272,15807.3396,3.0000,68.0914,8.5007,54.7174,82.4963,27.7789,68.6200,4708.7049,0.0000,13.5950,Circle,1
2025-09-11 23:33:10,12.1665,0.0000,12.1665,12.1665,0.0000,12.1665,148.0238,0.0000,-1.1034,0.5980,-1.9971,-0.1826,1.8145,1.2550,1.5749,0.0000,0.2600,0.2442,-0.1499,0.5957,0.7456,0.3567,0.1272,3.0000,-13.2935,51.4893,-78.3081,72.2656,150.5737,53.1776,2827.8592,3.0000,-3.9388,82.4220,-140.3809,105.0415,245.4224,82.5161,6808.9063,4.0000,24.1821,36.7771,-31.0669,79.2847,110.3516,44.0151,1937.3290,3.0000,-0.8405,11.7870,-17.6221,14.9634,32.5854,11.8170,139.6408,3.0000,40.6370,108.2335,-144.4263,142.6135,287.0398,115.6108,13365.8615,4.0000,72.1212,10.3436,54.3768,86.9678,32.5909,72.8592,5308.4599,0.0000,13.5612,Circle,1
2025-09-11 23:33:16,12.1665,0.0000,12.1665,12.1665,0.0000,12.1665,148.0238,0.0000,-1.0442,0.6620,-1.9692,-0.1616,1.8076,1.2363,1.5286,0.0000,0.2611,0.2324,-0.0830,0.6133,0.6963,0.3495,0.1222,4.0000,-19.6411,47.8350,-82.8857,60.3027,143.1885,51.7104,2673.9625,4.0000,0.3581,83.2473,-127.0752,99.8535,226.9287,83.2480,6930.2365,3.0000,18.6361,26.6894,-28.7476,59.0210,87.7686,32.5519,1059.6255,4.0000,-0.8668,11.7407,-18.5394,16.3531,34.8926,11.7727,138.5964,4.0000,18.6991,113.2090,-141.0754,145.3326,286.4081,114.7429,13165.9290,3.0000,70.6934,12.0791,49.2297,87.8247,38.5950,71.7179,5143.4547,0.0000,13.5023,Circle,1
2025-09-11 23:33:22,12.1665,0.0000,12.1665,12.1665,0.0000,12.1665,148.0238,0.0000,-1.0478,0.6860,-2.0498,-0.1689,1.8809,1.2523,1.5684,0.0000,0.2805,0.2724,-0.1802,0.6606,0.8408,0.3910,0.1529,4.0000,2.0955,51.9157,-63.4766,83.3740,146.8506,51.9580,2699.6317,4.0000,0.0122,78.9541,-128.1128,102.2339,230.3467,78.9541,6233.7441,4.0000,21.2809,32.6301,-26.3062,76.5381,102.8442,38.9564,1517.6043,4.0000,-0.9415,12.4713,-18.8855,15.7434,34.6289,12.5068,156.4196,4.0000,31.0452,75.4624,-84.3585,109.4183,193.7769,81.5989,6658.3755,3.0000,71.7762,10.5042,52.7948,86.4349,33.6401,72.5408,5262.1673,0.0000,13.5374,Circle,1
2025-09-11 23:33:27,12.1665,0.0000,12.1665,12.1665,0.0000,12.1665,148.0238,0.0000,-1.0857,0.6880,-2.1660,-0.1787,1.9873,1.2853,1.6520,0.0000,0.3038,0.2644,-0.1685,0.6929,0.8613,0.4027,0.1622,3.0000,-10.5265,49.6933,-86.5479,57.7393,144.2871,50.7959,2580.2282,3.0000,-5.7088,78.1193,-127.6245,96.2524,223.8770,78.3276,6135.2186,4.0000,25.3215,41.2739,-36.3770,89.5996,125.9766,48.4222,2344.7114,4.0000,-0.2648,12.1745,-17.8967,16.2762,34.1730,12.1774,148.2883,3.0000,41.5792,95.2538,-139.6582,144.0802,283.7384,103.9333,10802.1243,4.0000,71.0068,12.1333,48.4222,85.9076,37.4854,72.0360,5189.1880,0.0000,13.5918,Circle,1
2025-09-11 23:33:33,12.1665,0.0000,12.1665,12.1665,0.0000,12.1665,148.0238,0.0000,-1.0836,0.6996,-2.2920,-0.1226,2.1694,1.2898,1.6636,0.0000,0.3575,0.2585,-0.1177,0.8301,0.9478,0.4411,0.1946,2.0000,-6.7464,48.3959,-79.5288,66.7114,146.2402,48.8638,2387.6737,3.0000,-5.5094,76.6985,-125.7935,104.3091,230.1025,76.8961,5913.0147,4.0000,25.1953,44.0705,-46.3257,80.3223,126.6479,50.7643,2577.0153,3.0000,-0.3208,12.4362,-17.6276,17.7704,35.3979,12.4403,154.7622,4.0000,49.9482,80.7315,-99.2120,155.9784,255.1904,94.9336,9012.3947,3.0000,69.7152,13.6027,45.5054,88.0609,42.5555,71.0299,5045.2430,0.0000,13.6232,Circle,1
2025-09-11 23:33:45,12.1665,0.0000,12.1665,12.1665,0.0000,12.1665,148.0238,0.0000,-1.0316,0.7390,-2.2290,-0.1040,2.1250,1.2690,1.6103,0.0000,0.1966,0.2208,-0.1396,0.5444,0.6841,0.2957,0.0874,4.0000,-16.1865,47.0036,-81.7871,59.5703,141.3574,49.7126,2471.3442,4.0000,-1.8270,81.3495,-131.0425,93.7500,224.7925,81.3700,6621.0744,3.0000,24.8494,42.9937,-41.0156,91.1255,132.1411,49.6583,2465.9517,4.0000,-1.1532,11.9967,-18.3252,16.7157,35.0409,12.0520,145.2517,4.0000,9.4373,97.9091,-172.2437,128.7653,301.0089,98.3628,9675.2485,3.0000,73.5275,8.8893,56.4917,88.1873,31.6956,74.0629,5485.3086,0.0000,13.4360,Circle,1
2025-09-11 23:33:51,12.1665,0.0000,12.1665,12.1665,0.0000,12.1665,148.0238,0.0000,-1.0794,0.6257,-1.9893,-0.1436,1.8457,1.2476,1.5566,0.0000,0.2304,0.2169,-0.1509,0.5757,0.7266,0.3164,0.1001,3.0000,-14.4124,44.4825,-71.1060,67.8101,138.9160,46.7591,2186.4141,3.0000,-4.5329,69.7781,-104.7974,84.8389,189.6362,69.9252,4889.5324,4.0000,28.5563,50.4928,-60.7910,116.2720,177.0630,58.0085,3364.9882,3.0000,0.0392,11.9837,-18.1604,16.1279,34.2883,11.9837,143.6094,3.0000,34.1525,91.4558,-169.4751,128.5181,297.9932,97.6245,9530.5483,3.0000,71.9722,10.6496,54.1901,88.4344,34.2444,72.7558,5293.4077,0.0000,13.5016,Circle,1
2025-09-11 23:33:58,12.1665,0.0000,12.1665,12.1665,0.0000,12.1665,148.0238,0.0000,-1.0945,0.6724,-2.2202,-0.1899,2.0303,1.2846,1.6501,0.0000,0.1844,0.2341,-0.1763,0.5654,0.7417,0.2980,0.0888,3.0000,-0.8748,50.4114,-83.4961,81.9092,165.4053,50.4190,2542.0718,3.0000,-2.2542,65.9384,-119.6899,80.4443,200.1343,65.9769,4352.9476,4.0000,32.0964,47.7905,-37.1704,111.5112,148.6816,57.5683,3314.1077,4.0000,-0.4838,11.5345,-16.1279,15.9741,32.1021,11.5446,133.2778,3.0000,21.1241,89.5492,-165.1520,116.9659,282.1179,92.0070,8465.2921,4.0000,73.1968,8.1658,58.2220,84.0015,25.7794,73.6509,5424.4485,0.0000,13.5009,Circle,1
2025-09-11 23:34:14,12.1665,0.0000,12.1665,12.1665,0.0000,12.1665,148.0238,0.0000,-1.0887,0.5897,-1.8818,-0.2373,1.6445,1.2381,1.5329,0.0000,0.1749,0.1982,-0.1387,0.4702,0.6089,0.2643,0.0699,3.0000,-17.1102,44.2375,-75.8667,42.9077,118.7744,47.4312,2249.7165,3.0000,-5.0659,65.5131,-107.4219,81.6040,189.0259,65.7087,4317.6301,4.0000,18.3309,32.7075,-32.5928,57.4951,90.0879,37.4941,1405.8041,2.0000,-0.1102,11.1284,-16.0345,13.9526,29.9872,11.1289,123.8526,3.0000,31.1499,92.7172,-104.1559,150.3314,254.4873,97.8100,9566.7886,4.0000,75.5394,8.4696,60.3534,88.7915,28.4381,76.0128,5777.9392,0.0000,13.4685,Circle,1
2025-09-11 23:34:25,12.1665,0.0000,12.1665,12.1665,0.0000,12.1665,148.0238,0.0000,-0.5244,0.4404,-1.4575,0.1782,1.6357,0.6849,0.4690,2.0000,0.5708,0.4628,-0.3652,1.0669,1.4321,0.7348,0.5399,2.0000,88.8224,70.2987,-4.0283,229.4922,233.5205,113.2755,12831.3301,2.0000,-10.2824,115.3777,-213.0737,225.5859,438.6597,115.8350,13417.7499,2.0000,21.2077,43.1220,-46.0815,84.7778,130.8594,48.0549,2309.2717,2.0000,0.4146,10.2773,-18.1879,20.8521,39.0399,10.2857,105.7956,2.0000,21.0044,25.1632,-20.7587,49.9823,70.7410,32.7776,1074.3688,2.0000,30.0209,7.0057,21.0388,42.2974,21.2585,30.8275,950.3324,0.0000,13.4025,Triangle,1
2025-09-11 23:34:34,12.1665,0.0000,12.1665,12.1665,0.0000,12.1665,148.0238,0.0000,-0.5151,0.4794,-1.2925,0.3022,1.5947,0.7037,0.4952,4.0000,0.8071,0.6020,-0.4658,1.5542,2.0200,1.0069,1.0138,2.0000,88.2487,106.1553,-67.9321,288.2690,356.2012,138.0463,19056.7891,2.0000,-34.9121,161.8397,-276.2451,332.5806,608.8257,165.5625,27410.9304,4.0000,18.6605,59.0976,-61.2183,107.0557,168.2739,61.9737,3840.7380,2.0000,-1.9680,10.6344,-15.9576,23.1702,39.1278,10.8149,116.9627,2.0000,24.7357,27.4112,-17.6385,57.2113,74.8499,36.9219,1363.2286,2.0000,29.1855,8.5171,15.9851,45.7196,29.7345,30.4029,924.3365,0.0000,13.6644,Triangle,1
2025-09-11 23:34:42,12.1665,0.0000,12.1665,12.1665,0.0000,12.1665,148.0238,0.0000,-0.5612,0.4806,-1.3311,0.1807,1.5117,0.7388,0.5458,2.0000,0.7049,0.5323,-0.3799,1.4727,1.8525,0.8833,0.7802,2.0000,81.9865,95.2619,-22.7051,264.9536,287.6587,125.6846,15796.6129,4.0000,-32.9549,149.7930,-224.4263,277.5879,502.0142,153.3753,23523.9742,4.0000,15.2873,64.7374,-80.9937,126.2207,207.2144,66.5179,4424.6368,2.0000,-2.4661,9.5076,-14.9854,20.2423,35.2277,9.8223,96.4766,4.0000,22.2814,27.4994,-20.2094,57.9089,78.1183,35.3932,1252.6765,2.0000,33.7804,7.5728,25.6641,47.0654,21.4014,34.6188,1198.4617,0.0000,13.5537,Triangle,1
2025-09-11 23:34:47,12.1665,0.0000,12.1665,12.1665,0.0000,12.1665,148.0238,0.0000,-0.5976,0.4565,-1.3042,0.0811,1.3853,0.7520,0.5655,4.0000,0.7157,0.5406,-0.4150,1.3491,1.7642,0.8969,0.8045,2.0000,94.0877,87.6212,-60.9131,248.7793,309.6924,128.5689,16529.9671,2.0000,-19.9259,139.4931,-244.6899,301.8799,546.5698,140.9090,19855.3550,2.0000,6.5348,65.3757,-93.5669,109.7412,203.3081,65.7015,4316.6866,2.0000,-1.8003,9.5681,-17.2815,20.8850,38.1665,9.7360,94.7888,2.0000,25.4938,27.5384,-20.1270,60.5841,80.7111,37.5273,1408.2956,2.0000,32.8444,7.3066,22.0935,47.4554,25.3619,33.6473,1132.1388,0.0000,13.5966,Triangle,1
2025-09-11 23:34:53,12.1665,0.0000,12.1665,12.1665,0.0000,12.1665,148.0238,0.0000,-0.5960,0.4736,-1.3291,0.2339,1.5630,0.7613,0.5795,2.0000,0.6997,0.4847,-0.4014,1.2451,1.6465,0.8512,0.7246,2.0000,101.7334,100.5966,-44.1284,285.9497,330.0781,143.0712,20469.3606,2.0000,-30.1473,142.4045,-266.5405,274.8413,541.3818,145.5606,21187.8988,3.0000,7.8084,59.9154,-80.7495,113.2812,194.0308,60.4221,3650.8260,2.0000,-2.0372,8.4120,-16.1774,19.7809,35.9583,8.6552,74.9123,4.0000,26.7001,25.4647,-15.9961,56.4642,72.4603,36.8964,1361.3437,2.0000,32.8429,8.7486,23.6261,49.3231,25.6970,33.9882,1155.1946,0.0000,13.5935,Triangle,1
2025-09-11 23:34:58,12.1665,0.0000,12.1665,12.1665,0.0000,12.1665,148.0238,0.0000,-0.5549,0.4797,-1.3579,0.2417,1.5996,0.7335,0.5381,2.0000,0.6577,0.4776,-0.3555,1.2002,1.5557,0.8128,0.6607,2.0000,97.6074,93.6129,-32.4097,225.7080,258.1177,135.2427,18290.5853,2.0000,-39.9577,132.1224,-216.1865,228.5767,444.7632,138.0324,19052.9466,4.0000,-7.9590,64.4691,-115.7837,118.7134,234.4971,64.9585,4219.6045,2.0000,-2.0735,9.6777,-14.8645,19.7479,34.6124,9.8973,97.9565,2.0000,19.4967,25.4255,-19.2645,54.3329,73.5974,32.0402,1026.5763,3.0000,32.4218,6.6225,24.0820,45.6976,21.6156,33.0912,1095.0270,0.0000,13.5059,Triangle,1
2025-09-11 23:35:03,12.1665,0.0000,12.1665,12.1665,0.0000,12.1665,148.0238,0.0000,-0.5582,0.4876,-1.4121,0.1108,1.5229,0.7411,0.5493,3.0000,0.6065,0.4413,-0.3032,1.0723,1.3755,0.7501,0.5626,2.0000,89.3677,87.5911,-14.8315,236.6943,251.5259,125.1350,15658.7742,3.0000,-35.6771,127.1137,-235.7178,220.4590,456.1768,132.0256,17430.7495,2.0000,3.7313,69.5147,-110.5957,130.4321,241.0278,69.6147,4846.2110,2.0000,-2.0050,9.0219,-15.4193,18.7317,34.1510,9.2420,85.4153,2.0000,19.9907,25.6517,-17.2815,56.5796,73.8611,32.5214,1057.6388,3.0000,34.8896,7.6237,26.2408,50.0702,23.8293,35.7129,1275.4079,0.0000,13.4175,Triangle,1
2025-09-11 23:35:10,12.1665,0.0000,12.1665,12.1665,0.0000,12.1665,148.0238,0.0000,-0.5069,0.4885,-1.3452,0.1514,1.4966,0.7040,0.4956,4.0000,0.6304,0.4766,-0.3477,1.0825,1.4302,0.7903,0.6246,2.0000,99.9023,84.0532,-6.1035,227.9663,234.0698,130.5581,17045.4189,2.0000,-35.6527,137.0322,-239.0137,235.6567,474.6704,141.5943,20048.9342,2.0000,6.2663,56.6872,-79.8340,121.2158,201.0498,57.0325,3252.7069,4.0000,-1.8464,9.2861,-12.9089,19.5392,32.4481,9.4679,89.6413,4.0000,18.9968,24.3618,-17.6935,51.6412,69.3347,30.8930,954.3786,3.0000,28.1876,6.2040,21.0608,39.7156,18.6548,28.8623,833.0320,0.0000,13.4203,Triangle,1
2025-09-11 23:35:24,12.1665,0.0000,12.1665,12.1665,0.0000,12.1665,148.0238,0.0000,-0.6118,0.5615,-1.4521,0.2871,1.7393,0.8304,0.6895,4.0000,0.6192,0.4549,-0.4121,1.1592,1.5713,0.7683,0.5903,2.0000,99.1821,87.5341,-31.1890,258.9722,290.1611,132.2850,17499.3200,2.0000,-32.0882,132.6751,-222.7173,244.0186,466.7358,136.5004,18632.3459,4.0000,-3.7923,65.7961,-110.6567,110.1074,220.7642,65.9053,4343.5052,2.0000,-2.2577,9.1577,-14.3042,19.7754,34.0796,9.4319,88.9615,4.0000,19.6816,25.3098,-19.4623,55.2228,74.6851,32.0617,1027.9537,3.0000,31.8230,6.9328,24.3622,45.2692,20.9070,32.5694,1060.7662,0.0000,13.5611,Triangle,1
2025-09-11 23:35:30,12.1665,0.0000,12.1665,12.1665,0.0000,12.1665,148.0238,0.0000,-0.5230,0.4750,-1.2808,0.1396,1.4204,0.7065,0.4991,5.0000,0.5852,0.4160,-0.3062,1.1128,1.4189,0.7180,0.5155,2.0000,86.8368,70.3901,-5.9204,222.6562,228.5767,111.7828,12495.3878,2.0000,-7.1655,104.9488,-218.3228,213.7451,432.0679,105.1932,11065.6021,2.0000,22.5627,52.6140,-84.7778,114.2578,199.0356,57.2477,3277.3015,2.0000,2.3818,9.4576,-12.9803,20.8356,33.8159,9.7529,95.1198,4.0000,24.8639,24.3554,-17.3694,55.1019,72.4713,34.8052,1211.4000,2.0000,32.7191,7.0808,22.0331,44.7528,22.7197,33.4765,1120.6789,0.0000,13.3875,Triangle,1
2025-09-11 23:35:52,12.1665,0.0000,12.1665,12.1665,0.0000,12.1665,148.0238,0.0000,-0.3345,0.2544,-0.6953,0.2666,0.9619,0.4202,0.1766,4.0000,-0.7262,0.4159,-1.2466,0.0161,1.2627,0.8369,0.7004,2.0000,34.0820,55.0339,-32.7148,148.0713,180.7861,64.7327,4190.3188,6.0000,-3.0477,220.9723,-301.1475,322.0825,623.2300,220.9933,48838.0589,7.0000,6.7993,72.1340,-111.6333,94.3604,205.9937,72.4537,5249.5408,7.0000,0.1707,3.9341,-6.4215,6.3556,12.7771,3.9378,15.5060,7.0000,-64.9863,16.8465,-88.7860,-38.5236,50.2625,67.1344,4507.0273,0.0000,23.4979,4.9750,13.8318,29.0039,15.1721,24.0188,576.9029,0.0000,13.2655,No_sign,1
2025-09-11 23:35:57,12.1665,0.0000,12.1665,12.1665,0.0000,12.1665,148.0238,0.0000,-0.4062,0.2863,-0.7930,0.2705,1.0635,0.4970,0.2470,4.0000,-0.7061,0.4052,-1.1914,-0.0103,1.1812,0.8141,0.6628,0.0000,44.4906,50.0196,-21.3623,139.1602,160.5225,66.9430,4481.3703,4.0000,-0.7202,224.8987,-310.1196,320.4346,630.5542,224.8998,50579.9371,7.0000,4.9479,113.9054,-234.3140,160.3394,394.6533,114.0128,12998.9296,7.0000,0.1073,3.1284,-5.4767,5.5261,11.0028,3.1303,9.7986,9.0000,-58.8362,17.5440,-82.8589,-29.4104,53.4485,61.3962,3769.4887,0.0000,26.0376,5.8819,14.4910,32.1405,17.6495,26.6937,712.5532,0.0000,13.3451,No_sign,1
2025-09-11 23:36:02,12.1665,0.0000,12.1665,12.1665,0.0000,12.1665,148.0238,0.0000,-0.3469,0.3285,-0.6738,0.4102,1.0840,0.4777,0.2282,4.0000,-0.6057,0.4351,-1.2686,0.2231,1.4917,0.7458,0.5562,6.0000,56.2297,57.6924,-34.6069,153.7476,188.3545,80.5617,6490.1821,6.0000,-11.9873,233.7787,-311.4014,356.7505,668.1519,234.0858,54796.1767,6.0000,-1.2166,130.9774,-224.1821,161.3770,385.5591,130.9831,17156.5664,6.0000,0.3494,2.5344,-3.0707,4.5209,7.5916,2.5583,6.5451,8.0000,-50.8550,18.3055,-81.0461,-27.4878,53.5583,54.0492,2921.3197,0.0000,25.6011,6.4045,15.1666,32.4261,17.2595,26.3900,696.4323,0.0000,13.2631,No_sign,1
2025-09-11 23:36:07,12.1665,0.0000,12.1665,12.1665,0.0000,12.1665,148.0238,0.0000,-0.2528,0.3796,-0.5728,0.5498,1.1226,0.4561,0.2080,6.0000,-0.5719,0.4504,-1.2026,0.2495,1.4521,0.7280,0.5300,5.0000,49.6826,79.5063,-49.8047,180.2368,230.0415,93.7530,8789.6168,6.0000,-6.3110,255.5774,-338.3789,369.0186,707.3975,255.6553,65359.6389,6.0000,8.6263,122.1719,-234.9243,222.7173,457.6416,122.4761,15000.3910,6.0000,0.1615,2.6564,-3.9771,5.8337,9.8108,2.6613,7.0826,11.0000,-55.1173,21.4678,-87.9730,-27.2406,60.7324,59.1505,3498.7853,0.0000,25.3323,6.0110,12.3102,32.7997,20.4895,26.0357,677.8560,0.0000,13.2198,No_sign,1
2025-09-11 23:36:12,12.1665,0.0000,12.1665,12.1665,0.0000,12.1665,148.0238,0.0000,-0.3888,0.1918,-0.6372,0.0938,0.7310,0.4335,0.1880,2.0000,-0.6819,0.4723,-1.3398,0.1978,1.5376,0.8295,0.6881,4.0000,34.2896,66.2350,-68.4204,128.2959,196.7163,74.5845,5562.8516,6.0000,2.5309,247.1070,-294.1284,371.3989,665.5273,247.1199,61068.2696,5.0000,-3.5197,143.8719,-252.3193,221.0083,473.3276,143.9150,20711.5146,5.0000,0.6519,2.6291,-3.9935,4.7076,8.7012,2.7087,7.3372,8.0000,-58.1034,21.7944,-89.9615,-27.3230,62.6385,62.0564,3851.0000,0.0000,26.2145,4.5275,15.6500,31.7889,16.1389,26.6026,707.6973,0.0000,13.2994,No_sign,1
2025-09-11 23:36:24,12.1665,0.0000,12.1665,12.1665,0.0000,12.1665,148.0238,0.0000,-0.3222,0.3638,-0.7461,0.7695,1.5156,0.4860,0.2362,2.0000,-0.4310,0.6108,-1.1196,0.7129,1.8325,0.7475,0.5588,6.0000,49.1211,96.7007,-92.5293,207.4585,299.9878,108.4615,11763.9055,6.0000,17.3014,290.0579,-392.6392,453.6743,846.3135,290.5734,84432.8975,6.0000,-15.5111,147.9546,-294.2505,158.5083,452.7588,148.7654,22131.1455,6.0000,0.7866,3.0133,-3.9056,5.6415,9.5471,3.1143,9.6987,6.0000,-48.8610,22.6958,-88.5498,-18.5834,69.9664,53.8748,2902.4926,0.0000,27.3442,5.7851,17.7759,34.3488,16.5729,27.9495,781.1742,0.0000,13.2363,No_sign,1
2025-09-11 23:36:29,12.1665,0.0000,12.1665,12.1665,0.0000,12.1665,148.0238,0.0000,-0.3685,0.4157,-0.8813,0.7534,1.6348,0.5555,0.3086,6.0000,-0.4752,0.5156,-1.1938,0.5835,1.7773,0.7012,0.4916,6.0000,44.7754,89.1732,-60.1807,201.9043,262.0850,99.7833,9956.7021,6.0000,2.4821,257.8010,-334.8389,394.7144,729.5532,257.8129,66467.5072,6.0000,5.1758,145.4450,-288.8794,193.8477,482.7271,145.5371,21181.0390,6.0000,0.5621,3.0656,-5.3888,6.3281,11.7169,3.1167,9.7139,7.0000,-49.3568,21.8108,-80.9747,-18.1989,62.7759,53.9612,2911.8071,0.0000,29.7429,8.1245,14.5129,39.5178,25.0049,30.8326,950.6485,0.0000,13.2663,No_sign,1
2025-09-11 23:36:35,12.1665,0.0000,12.1665,12.1665,0.0000,12.1665,148.0238,0.0000,-0.3344,0.5576,-1.1035,1.0464,2.1499,0.6502,0.4228,5.0000,-0.4701,0.5243,-1.2871,0.4141,1.7012,0.7042,0.4959,4.0000,51.5259,79.3276,-64.6973,177.3071,242.0044,94.5927,8947.7795,6.0000,-0.8911,230.9665,-301.6357,355.1636,656.7993,230.9682,53346.3123,6.0000,-13.1958,165.7678,-300.2930,204.8340,505.1270,166.2922,27653.0909,6.0000,0.7559,4.7045,-6.9598,5.6195,12.5793,4.7648,22.7037,6.0000,-48.5621,20.1462,-82.4030,-24.2468,58.1561,52.5752,2764.1520,0.0000,27.4545,9.5102,11.3544,38.7213,27.3669,29.0550,844.1911,0.0000,13.3202,No_sign,1
2025-09-11 23:36:48,12.1665,0.0000,12.1665,12.1665,0.0000,12.1665,148.0238,0.0000,-0.3807,0.3876,-0.7822,0.7856,1.5679,0.5433,0.2952,4.0000,-0.4869,0.4699,-1.0630,0.3726,1.4355,0.6767,0.4579,6.0000,46.1670,92.1916,-57.1899,226.3184,283.5083,103.1052,10630.6831,6.0000,-13.9608,292.2989,-370.1782,411.3770,781.5552,292.6321,85633.5315,6.0000,36.8164,123.3481,-189.7583,209.8999,399.6582,128.7253,16570.2129,6.0000,1.3978,3.4927,-2.9498,11.0852,14.0350,3.7620,14.1526,6.0000,-49.3912,25.0635,-87.9895,-17.0673,70.9222,55.3866,3067.6714,0.0000,32.0255,7.1904,18.8690,40.6769,21.8079,32.8228,1077.3359,0.0000,13.2466,No_sign,1
2025-09-11 23:36:53,12.1665,0.0000,12.1665,12.1665,0.0000,12.1665,148.0238,0.0000,-0.3401,0.3838,-0.6084,0.7910,1.3994,0.5128,0.2629,4.0000,-0.4333,0.4766,-1.1201,0.5249,1.6450,0.6441,0.4149,6.0000,44.3156,98.9677,-97.7173,220.0928,317.8101,108.4366,11758.4857,5.0000,16.6707,253.5127,-296.0815,398.8647,694.9463,254.0603,64546.6151,6.0000,3.6784,101.4454,-199.8901,167.2363,367.1265,101.5121,10304.6993,6.0000,0.2582,2.7222,-4.5319,5.5481,10.0800,2.7345,7.4772,8.0000,-49.9413,20.8621,-76.4539,-18.4131,58.0408,54.1235,2929.3581,0.0000,35.0775,4.9506,23.0273,39.3585,16.3312,35.4251,1254.9401,0.0000,13.2502,No_sign,1
2025-09-11 23:37:02,12.1665,0.0000,12.1665,12.1665,0.0000,12.1665,148.0238,0.0000,-1.0546,0.5002,-1.8945,0.0205,1.9150,1.1672,1.3623,2.0000,-0.0927,0.2426,-0.3794,0.5786,0.9580,0.2597,0.0675,6.0000,-25.1424,59.1951,-127.1362,79.1626,206.2988,64.3133,4136.2015,8.0000,7.0068,105.1075,-131.9580,149.0479,281.0059,105.3408,11096.6767,8.0000,-7.5724,37.5066,-73.9136,60.3638,134.2773,38.2634,1464.0895,8.0000,-0.3043,12.0811,-15.4303,16.5179,31.9482,12.0849,146.0458,8.0000,-26.2599,135.4894,-174.4629,172.8149,347.2778,138.0107,19046.9541,8.0000,77.8220,3.7844,70.5157,84.0179,13.5022,77.9140,6070.5884,0.0000,13.4308,Clapps,1
2025-09-11 23:37:08,12.1665,0.0000,12.1665,12.1665,0.0000,12.1665,148.0238,0.0000,-1.0530,0.4444,-1.7651,-0.4355,1.3296,1.1430,1.3064,0.0000,-0.0433,0.1810,-0.3296,0.3076,0.6372,0.1861,0.0346,12.0000,-20.2271,55.7764,-119.8730,60.0586,179.9316,59.3307,3520.1363,7.0000,1.9165,103.1551,-146.4233,151.3062,297.7295,103.1729,10644.6408,8.0000,8.0363,48.6164,-47.6685,111.6943,159.3628,49.2762,2428.1395,7.0000,-0.1307,10.8141,-14.7766,16.4465,31.2231,10.8149,116.9612,8.0000,5.0402,132.4798,-154.6985,170.7495,325.4480,132.5756,17576.2894,7.0000,80.6353,2.6776,77.4756,84.9408,7.4652,80.6797,6509.2139,0.0000,13.3749,Clapps,1
2025-09-11 23:37:13,12.1665,0.0000,12.1665,12.1665,0.0000,12.1665,148.0238,0.0000,-1.0232,0.5057,-1.7451,-0.2983,1.4468,1.1413,1.3027,0.0000,-0.0095,0.1770,-0.2954,0.2393,0.5347,0.1773,0.0314,11.0000,-22.6318,62.3501,-128.5400,69.5190,198.0591,66.3305,4399.7372,8.0000,3.1413,93.8536,-129.0283,134.1553,263.1836,93.9062,8818.3721,8.0000,1.4364,37.5047,-47.7905,69.1528,116.9434,37.5322,1408.6661,8.0000,0.3549,11.9347,-15.3589,17.5397,32.8986,11.9400,142.5633,7.0000,-4.9556,133.0837,-152.2815,167.7118,319.9933,133.1760,17735.8361,8.0000,79.5282,3.2692,74.6576,86.4020,11.7444,79.5954,6335.4217,0.0000,13.3478,Clapps,1
2025-09-11 23:37:18,12.1665,0.0000,12.1665,12.1665,0.0000,12.1665,148.0238,0.0000,-1.0678,0.6214,-1.8203,0.0596,1.8799,1.2354,1.5263,2.0000,0.1469,0.1996,-0.1987,0.4497,0.6484,0.2478,0.0614,8.0000,-29.7241,65.3777,-125.2441,78.5522,203.7964,71.8176,5157.7630,7.0000,5.1188,93.4660,-136.2305,142.5781,278.8086,93.6060,8762.0874,7.0000,-1.5544,40.4044,-60.2417,70.6177,130.8594,40.4343,1634.9345,7.0000,-0.1707,13.0047,-18.5284,18.5999,37.1283,13.0059,169.1522,7.0000,54.2754,125.7205,-162.3944,174.8035,337.1979,136.9359,18751.4538,7.0000,74.1995,7.0799,60.2435,84.8584,24.6149,74.5365,5555.6859,0.0000,13.4382,Clapps,1
2025-09-11 23:37:31,12.1665,0.0000,12.1665,12.1665,0.0000,12.1665,148.0238,0.0000,-1.0043,0.5085,-1.7256,-0.0635,1.6621,1.1257,1.2672,0.0000,0.0704,0.2683,-0.3120,0.6826,0.9946,0.2773,0.0769,9.0000,-20.4427,60.9011,-131.4087,86.6089,218.0176,64.2406,4126.8483,8.0000,7.8084,83.5368,-114.5630,145.9961,260.5591,83.9009,7039.3694,8.0000,-8.2723,49.2121,-97.5952,76.6602,174.2554,49.9025,2490.2585,8.0000,-0.6790,10.2029,-13.3484,14.6448,27.9932,10.2254,104.5593,8.0000,-10.2437,144.2512,-170.8044,175.1880,345.9924,144.6145,20913.3524,8.0000,78.9038,2.7960,73.8007,83.6609,9.8602,78.9533,6233.6287,0.0000,13.3727,Clapps,1
2025-09-11 23:37:36,12.1665,0.0000,12.1665,12.1665,0.0000,12.1665,148.0238,0.0000,-1.0443,0.4408,-1.6992,-0.2461,1.4531,1.1335,1.2848,0.0000,0.0154,0.1930,-0.3301,0.3853,0.7153,0.1936,0.0375,7.0000,-20.1457,58.6197,-113.9526,74.8901,188.8428,61.9848,3842.1137,7.0000,7.1208,98.6579,-133.1787,136.6577,269.8364,98.9146,9784.0910,8.0000,-2.6611,30.9861,-55.6641,57.0679,112.7319,31.1002,967.2195,8.0000,-0.5024,11.6753,-15.2655,16.8365,32.1021,11.6861,136.5659,8.0000,-20.5847,126.3571,-165.3113,147.3431,312.6544,128.0229,16389.8581,7.0000,80.3958,2.3770,76.1462,85.9625,9.8163,80.4309,6469.1269,0.0000,13.3749,Clapps,1
2025-09-11 23:37:40,12.1665,0.0000,12.1665,12.1665,0.0000,12.1665,148.0238,0.0000,-1.0347,0.4094,-1.7036,-0.1870,1.5166,1.1127,1.2382,0.0000,0.0146,0.2430,-0.3999,0.5967,0.9966,0.2434,0.0593,7.0000,-20.5444,54.0689,-115.1733,74.5850,189.7583,57.8405,3345.5250,7.0000,-1.3916,87.2227,-118.4082,120.4834,238.8916,87.2338,7609.7344,8.0000,8.8298,40.7441,-60.4248,77.6978,138.1226,41.6899,1738.0446,8.0000,0.4515,11.0685,-13.8043,17.3859,31.1902,11.0777,122.7154,8.0000,26.5693,135.2041,-163.4491,179.1925,342.6416,137.7899,18986.0694,7.0000,80.0834,3.6365,73.0975,84.7321,11.6345,80.1659,6426.5709,0.0000,13.3946,Clapps,1
2025-09-11 23:37:46,12.1665,0.0000,12.1665,12.1665,0.0000,12.1665,148.0238,0.0000,-1.0295,0.5639,-1.7412,0.1934,1.9346,1.1738,1.3778,2.0000,0.0464,0.2809,-0.4131,0.6055,1.0186,0.2847,0.0811,11.0000,-26.7008,70.7259,-132.6904,99.5483,232.2388,75.5982,5715.0920,8.0000,-2.4984,86.7852,-127.3193,131.7139,259.0332,86.8212,7537.9208,7.0000,-6.5796,39.4828,-98.2666,54.6875,152.9541,40.0273,1602.1840,7.0000,0.4087,10.6141,-14.4031,14.1779,28.5809,10.6220,112.8270,7.0000,-3.7870,135.8162,-166.5582,158.1921,324.7504,135.8690,18460.3730,8.0000,79.0880,2.2504,75.6793,84.1553,8.4760,79.1200,6259.9781,0.0000,13.4372,Clapps,1
2025-09-11 23:37:59,12.1665,0.0000,12.1665,12.1665,0.0000,12.1665,148.0238,0.0000,-1.0505,0.4474,-1.6885,-0.3853,1.3032,1.1418,1.3037,0.0000,-0.0749,0.2517,-0.4150,0.4268,0.8418,0.2626,0.0690,10.0000,-24.9268,57.5424,-113.2202,69.3970,182.6172,62.7094,3932.4711,8.0000,7.8979,81.5160,-124.9390,136.1694,261.1084,81.8977,6707.2285,8.0000,7.0801,36.5369,-58.7769,78.1860,136.9629,37.2165,1385.0694,7.0000,-0.7346,9.4644,-13.9032,15.0568,28.9600,9.4929,90.1153,8.0000,20.6265,140.0401,-167.1185,172.7710,339.8895,141.5510,20036.6940,8.0000,80.9341,1.8656,78.2007,83.9301,5.7294,80.9556,6553.8061,0.0000,13.4406,Clapps,1
2025-09-11 23:38:04,12.1665,0.0000,12.1665,12.1665,0.0000,12.1665,148.0238,0.0000,-1.0568,0.5653,-1.8931,-0.1904,1.7026,1.1984,1.4363,0.0000,0.0060,0.2638,-0.4854,0.3301,0.8154,0.2638,0.0696,10.0000,-23.5758,59.2630,-139.4043,55.3589,194.7632,63.7803,4067.9286,8.0000,2.5675,99.1036,-122.2534,150.3906,272.6440,99.1368,9828.1118,7.0000,-5.3182,48.1148,-80.0781,73.3032,153.3813,48.4078,2343.3156,7.0000,0.3193,13.4799,-18.3417,19.0668,37.4084,13.4837,181.8093,7.0000,-1.7413,125.5697,-162.6855,147.3761,310.0616,125.5818,15770.7769,8.0000,79.2565,3.3765,72.1417,86.3910,14.2493,79.3284,6292.9889,0.0000,13.4645,Clapps,1
2025-09-11 23:38:22,12.1665,0.0000,12.1665,12.1665,0.0000,12.1665,148.0238,0.0000,-0.5051,0.5952,-1.4111,0.6357,2.0469,0.7807,0.6095,2.0000,0.6063,0.2855,-0.0298,0.9062,0.9360,0.6702,0.4491,2.0000,97.9329,33.3789,62.5000,173.8281,111.3281,103.4650,10705.0151,0.0000,27.9622,70.4492,-81.5430,112.1826,193.7256,75.7957,5744.9808,2.0000,-7.1370,43.5180,-64.0869,68.7866,132.8735,44.0994,1944.7560,2.0000,-5.0889,18.5543,-25.9607,24.0051,49.9658,19.2395,370.1580,2.0000,16.4279,2.2100,12.4200,20.6763,8.2562,16.5758,274.7587,0.0000,20.3947,6.9249,10.0305,34.0137,23.9832,21.5383,463.8965,0.0000,13.4465,Checkline,1
2025-09-11 23:38:28,12.1665,0.0000,12.1665,12.1665,0.0000,12.1665,148.0238,0.0000,-0.5790,0.6028,-1.4492,0.5044,1.9536,0.8358,0.6986,3.0000,0.7840,0.3634,-0.0283,1.2339,1.2622,0.8641,0.7467,2.0000,98.1120,35.5662,52.5513,174.4385,121.8872,104.3595,10890.9135,0.0000,24.7721,87.1956,-91.9800,148.9258,240.9058,90.6462,8216.7303,2.0000,-9.2000,36.2376,-53.9551,56.2134,110.1685,37.3873,1397.8072,2.0000,-4.4608,20.4499,-28.2568,27.0758,55.3326,20.9307,438.0961,2.0000,13.6783,6.0777,3.2959,21.2640,17.9681,14.9678,224.0356,0.0000,25.7725,8.6854,11.5686,37.0734,25.5048,27.1966,739.6567,0.0000,13.6585,Checkline,1
2025-09-11 23:38:33,12.1665,0.0000,12.1665,12.1665,0.0000,12.1665,148.0238,0.0000,-0.4348,0.7281,-1.5352,0.7554,2.2905,0.8480,0.7192,3.0000,0.7601,0.3475,-0.1025,1.1602,1.2627,0.8357,0.6985,2.0000,104.3579,35.4996,56.0303,169.0674,113.0371,110.2306,12150.7935,0.0000,19.2342,65.0871,-71.7773,111.9995,183.7769,67.8696,4606.2830,2.0000,-10.7992,43.2663,-69.1528,70.1904,139.3433,44.5936,1988.5908,2.0000,-4.7534,20.9038,-30.3168,28.2404,58.5571,21.4375,459.5654,2.0000,11.7623,8.2906,-2.1204,22.8241,24.9445,14.3905,207.0866,2.0000,23.9645,7.0701,11.3489,31.7944,20.4456,24.9856,624.2820,0.0000,13.6625,Checkline,1
2025-09-11 23:38:38,12.1665,0.0000,12.1665,12.1665,0.0000,12.1665,148.0238,0.0000,-0.5401,0.6314,-1.4814,0.6001,2.0815,0.8309,0.6904,2.0000,0.7498,0.3531,-0.0288,1.2007,1.2295,0.8288,0.6869,2.0000,99.1130,28.2908,63.1104,168.7012,105.5908,103.0716,10623.7481,0.0000,23.3114,53.3325,-54.9927,84.6558,139.6484,58.2046,3387.7802,2.0000,-12.0768,48.5395,-82.5195,63.7817,146.3013,50.0193,2501.9303,2.0000,-5.9528,21.5207,-30.9924,27.8284,58.8208,22.3288,498.5747,2.0000,14.0804,8.9533,-4.0814,23.4229,27.5043,16.6859,278.4199,2.0000,21.2582,8.1323,5.5591,33.9258,28.3667,22.7606,518.0440,0.0000,13.6157,Checkline,1
2025-09-11 23:38:43,12.1665,0.0000,12.1665,12.1665,0.0000,12.1665,148.0238,0.0000,-0.5287,0.7280,-1.5728,0.8813,2.4541,0.8997,0.8095,3.0000,0.8201,0.4018,-0.0591,1.2793,1.3384,0.9132,0.8339,2.0000,98.2992,31.0849,65.7959,167.9077,102.1118,103.0970,10628.9933,0.0000,23.3724,67.1310,-83.3130,122.1924,205.5054,71.0833,5052.8382,2.0000,-5.5135,46.9694,-62.4390,86.5479,148.9868,47.2919,2236.5260,2.0000,-6.3596,21.7313,-29.3829,25.8508,55.2338,22.6428,512.6961,2.0000,15.0549,7.8813,0.1263,23.5327,23.4064,16.9931,288.7666,0.0000,22.6384,8.1629,8.2397,33.5083,25.2686,24.0651,579.1312,0.0000,13.7713,Checkline,1
2025-09-11 23:38:48,12.1665,0.0000,12.1665,12.1665,0.0000,12.1665,148.0238,0.0000,-0.6765,0.7096,-1.4917,0.9819,2.4736,0.9804,0.9611,2.0000,0.8243,0.4705,-0.0283,1.5137,1.5420,0.9491,0.9008,2.0000,83.4676,30.3988,49.3774,166.6260,117.2485,88.8309,7890.9265,0.0000,25.1058,80.5900,-91.7358,153.3203,245.0562,84.4100,7125.0563,2.0000,-3.1291,47.4129,-76.4160,74.7681,151.1841,47.5161,2257.7755,2.0000,-5.2324,21.6515,-30.5969,28.1580,58.7549,22.2747,496.1638,2.0000,19.5245,7.4379,3.0542,29.5038,26.4496,20.8933,436.5295,0.0000,23.1237,10.3122,5.4712,35.6287,30.1575,25.3189,641.0457,0.0000,13.8994,Checkline,1
2025-09-11 23:39:00,12.1665,0.0000,12.1665,12.1665,0.0000,12.1665,148.0238,0.0000,-0.3272,0.7266,-1.5249,0.6860,2.2109,0.7969,0.6350,4.0000,0.7729,0.3598,-0.0654,1.1841,1.2495,0.8526,0.7269,2.0000,105.3955,29.9519,65.1855,158.0200,92.8345,109.5688,12005.3301,0.0000,3.6825,51.1392,-63.5986,96.3135,159.9121,51.2716,2628.7782,3.0000,-1.6154,51.2148,-90.2710,70.1294,160.4004,51.2403,2625.5655,3.0000,0.7859,20.8488,-31.2177,28.9325,60.1501,20.8636,435.2881,3.0000,13.9464,9.7620,-2.5763,26.2738,28.8501,17.0235,289.7987,2.0000,23.4686,6.4043,10.8270,31.1023,20.2753,24.3268,591.7919,0.0000,13.6111,Checkline,1
2025-09-11 23:39:06,12.1665,0.0000,12.1665,12.1665,0.0000,12.1665,148.0238,0.0000,-0.4671,0.6889,-1.5190,0.6821,2.2012,0.8324,0.6928,3.0000,0.8119,0.3901,-0.0923,1.4111,1.5034,0.9008,0.8114,2.0000,104.3050,32.1709,64.9414,165.9546,101.0132,109.1536,11914.5001,0.0000,19.6696,59.3944,-65.7349,101.0742,166.8091,62.5667,3914.5877,2.0000,-10.0342,35.9131,-67.4438,54.3213,121.7651,37.2886,1390.4368,2.0000,-5.7686,20.8296,-29.9982,27.8009,57.7991,21.6136,467.1485,2.0000,13.5846,7.8218,-1.3348,22.6483,23.9832,15.6755,245.7218,1.0000,22.3264,9.5988,4.8450,32.6459,27.8009,24.3024,590.6064,0.0000,13.7084,Checkline,1
2025-09-11 23:39:12,12.1665,0.0000,12.1665,12.1665,0.0000,12.1665,148.0238,0.0000,-0.6351,0.6340,-1.5547,0.5820,2.1367,0.8974,0.8053,2.0000,0.5865,0.3584,-0.0537,0.9956,1.0493,0.6874,0.4725,3.0000,96.1344,29.0891,70.3125,162.5366,92.2241,100.4391,10088.0047,0.0000,13.6882,63.9241,-79.7729,103.7598,183.5327,65.3732,4273.6565,2.0000,-2.4414,35.3786,-73.9746,51.3306,125.3052,35.4627,1257.6054,4.0000,-3.7668,18.3585,-27.7954,25.7190,53.5144,18.7410,351.2249,2.0000,15.7053,2.8900,10.8875,20.9399,10.0525,15.9690,255.0092,0.0000,18.5900,7.7781,6.4325,30.6903,24.2578,20.1516,406.0859,0.0000,13.5392,Checkline,1
2025-09-11 23:39:26,12.1665,0.0000,12.1665,12.1665,0.0000,12.1665,148.0238,0.0000,-0.5542,0.6030,-1.6743,0.5464,2.2207,0.8190,0.6708,2.0000,0.6970,0.3883,-0.0845,1.1958,1.2803,0.7978,0.6366,2.0000,102.6571,28.6865,59.5093,169.1284,109.6191,106.5898,11361.3891,0.0000,12.4593,53.1928,-66.2842,81.0547,147.3389,54.6325,2984.7100,2.0000,-3.1616,40.1081,-67.4438,77.9419,145.3857,40.2325,1618.6528,2.0000,-2.9894,22.7042,-30.3992,29.8334,60.2325,22.9002,524.4187,2.0000,9.3809,8.4693,-5.9656,19.6326,25.5981,12.6384,159.7296,2.0000,15.7185,5.7776,5.0757,23.0713,17.9956,16.7467,280.4523,0.0000,13.5878,Checkline,1
